"Country","Year","Shadow_Economy"
"Albania",1991,43.18
"Albania",1992,40.18
"Albania",1993,39.45
"Albania",1994,40.07
"Albania",1995,39.18
"Albania",1996,37.07
"Albania",1997,37.59
"Albania",1998,38.16
"Albania",1999,36.04
"Albania",2000,35.3
"Albania",2001,36.04
"Albania",2002,33.67
"Albania",2003,32.64
"Albania",2004,31.72
"Albania",2005,30.89
"Albania",2006,29.58
"Albania",2007,28.53
"Albania",2008,27.12
"Albania",2009,26.91
"Albania",2010,26.1
"Albania",2011,25.41
"Albania",2012,25.52
"Albania",2013,25.68
"Albania",2014,25.78
"Albania",2015,26.21
"Algeria",1991,34.96
"Algeria",1992,36.14
"Algeria",1993,38.16
"Algeria",1994,38.88
"Algeria",1995,37.64
"Algeria",1996,37.68
"Algeria",1997,37.18
"Algeria",1998,38.28
"Algeria",1999,36.11
"Algeria",2000,34.2
"Algeria",2001,33.58
"Algeria",2002,31.9
"Algeria",2003,29.62
"Algeria",2004,27.76
"Algeria",2005,24.93
"Algeria",2006,24.44
"Algeria",2007,24.21
"Algeria",2008,24.07
"Algeria",2009,25.9
"Algeria",2010,25.89
"Algeria",2011,27.37
"Algeria",2012,26.94
"Algeria",2013,25.98
"Algeria",2014,25.74
"Algeria",2015,23.98
"Angola",1991,50.17
"Angola",1992,47.8
"Angola",1993,55.43
"Angola",1994,50.48
"Angola",1995,52.47
"Angola",1996,46.3
"Angola",1997,50.48
"Angola",1998,49.21
"Angola",1999,48.64
"Angola",2000,48.8
"Angola",2001,46.14
"Angola",2002,48.4
"Angola",2003,48.86
"Angola",2004,46.81
"Angola",2005,43.84
"Angola",2006,41.23
"Angola",2007,37.13
"Angola",2008,35.26
"Angola",2009,36.25
"Angola",2010,36.54
"Angola",2011,36.49
"Angola",2012,36.6
"Angola",2013,35.92
"Angola",2014,34.53
"Angola",2015,35.25
"Argentina",1991,25.22
"Argentina",1992,24.41
"Argentina",1993,26.59
"Argentina",1994,26.22
"Argentina",1995,27.18
"Argentina",1996,25.32
"Argentina",1997,25.2
"Argentina",1998,24
"Argentina",1999,25.83
"Argentina",2000,25.4
"Argentina",2001,26.94
"Argentina",2002,26.19
"Argentina",2003,25.37
"Argentina",2004,24.32
"Argentina",2005,23.21
"Argentina",2006,22.63
"Argentina",2007,21.93
"Argentina",2008,21.87
"Argentina",2009,22.97
"Argentina",2010,21.64
"Argentina",2011,20.8
"Argentina",2012,21.62
"Argentina",2013,21.57
"Argentina",2014,22.02
"Argentina",2015,24.99
"Armenia",1991,46.65
"Armenia",1992,49.5
"Armenia",1993,48.63
"Armenia",1994,44.66
"Armenia",1995,47.14
"Armenia",1996,47.48
"Armenia",1997,46.41
"Armenia",1998,45.81
"Armenia",1999,46.85
"Armenia",2000,46.6
"Armenia",2001,47.61
"Armenia",2002,44.11
"Armenia",2003,42.08
"Armenia",2004,43.57
"Armenia",2005,41.03
"Armenia",2006,41.38
"Armenia",2007,39.47
"Armenia",2008,35.39
"Armenia",2009,41.04
"Armenia",2010,40.14
"Armenia",2011,38.46
"Armenia",2012,35.52
"Armenia",2013,34.56
"Armenia",2014,34.78
"Armenia",2015,35.96
"Australia",1991,15.69
"Australia",1992,16.63
"Australia",1993,16.15
"Australia",1994,15.18
"Australia",1995,14.42
"Australia",1996,14.55
"Australia",1997,13.72
"Australia",1998,13.29
"Australia",1999,13.4
"Australia",2000,13.1
"Australia",2001,12.5
"Australia",2002,12.43
"Australia",2003,12.08
"Australia",2004,12.11
"Australia",2005,12.25
"Australia",2006,11.66
"Australia",2007,9.32
"Australia",2008,8.96
"Australia",2009,9.39
"Australia",2010,9.14
"Australia",2011,8.87
"Australia",2012,9.83
"Australia",2013,9.95
"Australia",2014,8.89
"Australia",2015,8.1
"Austria",1991,9.03
"Austria",1992,9.27
"Austria",1993,9.95
"Austria",1994,9.65
"Austria",1995,9.66
"Austria",1996,9.85
"Austria",1997,9.57
"Austria",1998,9.47
"Austria",1999,9.24
"Austria",2000,8.8
"Austria",2001,8.5
"Austria",2002,8.53
"Austria",2003,8.7
"Austria",2004,8.72
"Austria",2005,8.86
"Austria",2006,8.34
"Austria",2007,7.69
"Austria",2008,7.78
"Austria",2009,9.65
"Austria",2010,9.07
"Austria",2011,8.47
"Austria",2012,8.4
"Austria",2013,8.68
"Austria",2014,8.39
"Austria",2015,9.01
"Bahrain",1991,22.49
"Bahrain",1992,21.83
"Bahrain",1993,19.65
"Bahrain",1994,19.8
"Bahrain",1995,19.64
"Bahrain",1996,19.72
"Bahrain",1997,19.18
"Bahrain",1998,19.37
"Bahrain",1999,18.84
"Bahrain",2000,18.4
"Bahrain",2001,18.76
"Bahrain",2002,18.67
"Bahrain",2003,18.35
"Bahrain",2004,17.64
"Bahrain",2005,17.54
"Bahrain",2006,18.12
"Bahrain",2007,18.79
"Bahrain",2008,18.16
"Bahrain",2009,20.33
"Bahrain",2010,20.3
"Bahrain",2011,21.01
"Bahrain",2012,21.11
"Bahrain",2013,20.03
"Bahrain",2014,19.21
"Bahrain",2015,16.63
"Bangladesh",1991,36.34
"Bangladesh",1992,36.48
"Bangladesh",1993,37.12
"Bangladesh",1994,36.71
"Bangladesh",1995,35.27
"Bangladesh",1996,35.7
"Bangladesh",1997,35.78
"Bangladesh",1998,35.87
"Bangladesh",1999,35.6
"Bangladesh",2000,35.6
"Bangladesh",2001,34.48
"Bangladesh",2002,35.12
"Bangladesh",2003,36.65
"Bangladesh",2004,36.5
"Bangladesh",2005,34.95
"Bangladesh",2006,34.13
"Bangladesh",2007,32.93
"Bangladesh",2008,31.32
"Bangladesh",2009,31.47
"Bangladesh",2010,30.78
"Bangladesh",2011,28.79
"Bangladesh",2012,28.97
"Bangladesh",2013,28.22
"Bangladesh",2014,27.42
"Bangladesh",2015,27.6
"Belarus",1991,52.78
"Belarus",1992,47.83
"Belarus",1993,47.95
"Belarus",1994,49.54
"Belarus",1995,53.57
"Belarus",1996,52.24
"Belarus",1997,51.11
"Belarus",1998,49.32
"Belarus",1999,50.14
"Belarus",2000,48.1
"Belarus",2001,49.39
"Belarus",2002,49.73
"Belarus",2003,48.64
"Belarus",2004,46.72
"Belarus",2005,46.77
"Belarus",2006,44.64
"Belarus",2007,42.1
"Belarus",2008,38.69
"Belarus",2009,39.7
"Belarus",2010,38.17
"Belarus",2011,33.03
"Belarus",2012,32.29
"Belarus",2013,34.07
"Belarus",2014,34.12
"Belarus",2015,32.37
"Belgium",1991,22.1
"Belgium",1992,22.07
"Belgium",1993,23.31
"Belgium",1994,23.49
"Belgium",1995,23.19
"Belgium",1996,23.41
"Belgium",1997,22.19
"Belgium",1998,22.92
"Belgium",1999,21.63
"Belgium",2000,19.9
"Belgium",2001,19.78
"Belgium",2002,20.93
"Belgium",2003,21.65
"Belgium",2004,21.12
"Belgium",2005,21.11
"Belgium",2006,20.74
"Belgium",2007,18.27
"Belgium",2008,18.28
"Belgium",2009,18.74
"Belgium",2010,18.8
"Belgium",2011,17.71
"Belgium",2012,18.28
"Belgium",2013,18.81
"Belgium",2014,18.06
"Belgium",2015,17.8
"Belize",1991,50.98
"Belize",1992,51.65
"Belize",1993,51.78
"Belize",1994,52.39
"Belize",1995,53.69
"Belize",1996,53.09
"Belize",1997,52.69
"Belize",1998,52.6
"Belize",1999,49.01
"Belize",2000,43.8
"Belize",2001,44.59
"Belize",2002,45.03
"Belize",2003,42.98
"Belize",2004,44.56
"Belize",2005,43.74
"Belize",2006,41.18
"Belize",2007,41.87
"Belize",2008,40.67
"Belize",2009,47.13
"Belize",2010,45.51
"Belize",2011,45.45
"Belize",2012,45.38
"Belize",2013,44.08
"Belize",2014,44.69
"Belize",2015,42.29
"Benin",1991,58.78
"Benin",1992,60.8
"Benin",1993,58.66
"Benin",1994,56.88
"Benin",1995,54.86
"Benin",1996,52.65
"Benin",1997,53.47
"Benin",1998,51.49
"Benin",1999,51.24
"Benin",2000,50.2
"Benin",2001,50.34
"Benin",2002,49.72
"Benin",2003,53.24
"Benin",2004,55.49
"Benin",2005,56.38
"Benin",2006,55.79
"Benin",2007,52.75
"Benin",2008,53.52
"Benin",2009,56.63
"Benin",2010,54.49
"Benin",2011,55.12
"Benin",2012,53.64
"Benin",2013,50.71
"Benin",2014,46.33
"Benin",2015,48.28
"Bhutan",1991,31.24
"Bhutan",1992,30.66
"Bhutan",1993,30.2
"Bhutan",1994,29.64
"Bhutan",1995,27.82
"Bhutan",1996,31
"Bhutan",1997,29.94
"Bhutan",1998,28.75
"Bhutan",1999,27.98
"Bhutan",2000,29.4
"Bhutan",2001,29.21
"Bhutan",2002,29.28
"Bhutan",2003,28.18
"Bhutan",2004,27.26
"Bhutan",2005,27.15
"Bhutan",2006,25.91
"Bhutan",2007,25.87
"Bhutan",2008,24.63
"Bhutan",2009,26.04
"Bhutan",2010,24.19
"Bhutan",2011,23.4
"Bhutan",2012,22.26
"Bhutan",2013,21.81
"Bhutan",2014,21.06
"Bhutan",2015,20.28
"Bolivia",1991,68.09
"Bolivia",1992,71.34
"Bolivia",1993,71.08
"Bolivia",1994,70.39
"Bolivia",1995,69.4
"Bolivia",1996,66.78
"Bolivia",1997,67.31
"Bolivia",1998,63.69
"Bolivia",1999,68.67
"Bolivia",2000,67.1
"Bolivia",2001,70.57
"Bolivia",2002,68.82
"Bolivia",2003,69.01
"Bolivia",2004,66.74
"Bolivia",2005,65.64
"Bolivia",2006,61.77
"Bolivia",2007,59.97
"Bolivia",2008,54.65
"Bolivia",2009,58.4
"Bolivia",2010,55.06
"Bolivia",2011,51.82
"Bolivia",2012,49.64
"Bolivia",2013,48.18
"Bolivia",2014,46.93
"Bolivia",2015,45.98
"Bosnia and Herzegovina",1991,31.38
"Bosnia and Herzegovina",1992,32.18
"Bosnia and Herzegovina",1993,33.43
"Bosnia and Herzegovina",1994,43.3
"Bosnia and Herzegovina",1995,44.45
"Bosnia and Herzegovina",1996,38.53
"Bosnia and Herzegovina",1997,36.66
"Bosnia and Herzegovina",1998,33.25
"Bosnia and Herzegovina",1999,32.87
"Bosnia and Herzegovina",2000,34.1
"Bosnia and Herzegovina",2001,33.99
"Bosnia and Herzegovina",2002,37.34
"Bosnia and Herzegovina",2003,35.94
"Bosnia and Herzegovina",2004,33.57
"Bosnia and Herzegovina",2005,32.72
"Bosnia and Herzegovina",2006,33.48
"Bosnia and Herzegovina",2007,33.11
"Bosnia and Herzegovina",2008,30.97
"Bosnia and Herzegovina",2009,33.13
"Bosnia and Herzegovina",2010,33.18
"Bosnia and Herzegovina",2011,32.6
"Bosnia and Herzegovina",2012,32.59
"Bosnia and Herzegovina",2013,31.38
"Bosnia and Herzegovina",2014,31.19
"Bosnia and Herzegovina",2015,29.88
"Botswana",1991,33.57
"Botswana",1992,35.44
"Botswana",1993,36.37
"Botswana",1994,35.89
"Botswana",1995,35.52
"Botswana",1996,35.2
"Botswana",1997,32.98
"Botswana",1998,34.18
"Botswana",1999,32.95
"Botswana",2000,33.4
"Botswana",2001,33.05
"Botswana",2002,32.08
"Botswana",2003,31.43
"Botswana",2004,30.57
"Botswana",2005,30.12
"Botswana",2006,27.85
"Botswana",2007,26.52
"Botswana",2008,27.06
"Botswana",2009,28.46
"Botswana",2010,26.44
"Botswana",2011,25.03
"Botswana",2012,24.44
"Botswana",2013,22.85
"Botswana",2014,22.1
"Botswana",2015,23.99
"Brazil",1991,40.64
"Brazil",1992,39.67
"Brazil",1993,39.25
"Brazil",1994,38.25
"Brazil",1995,39.61
"Brazil",1996,40.83
"Brazil",1997,40.5
"Brazil",1998,41.69
"Brazil",1999,40.79
"Brazil",2000,39.8
"Brazil",2001,38.65
"Brazil",2002,38.5
"Brazil",2003,38.89
"Brazil",2004,37.29
"Brazil",2005,38.47
"Brazil",2006,37.62
"Brazil",2007,37.05
"Brazil",2008,35.16
"Brazil",2009,36.9
"Brazil",2010,34.55
"Brazil",2011,33.06
"Brazil",2012,32.71
"Brazil",2013,32.56
"Brazil",2014,33.01
"Brazil",2015,35.22
"Brunei Darussalam",1991,29.84
"Brunei Darussalam",1992,29.2
"Brunei Darussalam",1993,29.6
"Brunei Darussalam",1994,30.73
"Brunei Darussalam",1995,28.26
"Brunei Darussalam",1996,26.98
"Brunei Darussalam",1997,28.48
"Brunei Darussalam",1998,30.84
"Brunei Darussalam",1999,31.83
"Brunei Darussalam",2000,31.1
"Brunei Darussalam",2001,30.42
"Brunei Darussalam",2002,29.78
"Brunei Darussalam",2003,29.52
"Brunei Darussalam",2004,29.96
"Brunei Darussalam",2005,30.39
"Brunei Darussalam",2006,29.94
"Brunei Darussalam",2007,30.55
"Brunei Darussalam",2008,29.04
"Brunei Darussalam",2009,29.8
"Brunei Darussalam",2010,28.88
"Brunei Darussalam",2011,28.34
"Brunei Darussalam",2012,28.16
"Brunei Darussalam",2013,30
"Brunei Darussalam",2014,31.81
"Brunei Darussalam",2015,30.44
"Bulgaria",1991,35.13
"Bulgaria",1992,34.99
"Bulgaria",1993,36.05
"Bulgaria",1994,34.57
"Bulgaria",1995,32.93
"Bulgaria",1996,31.45
"Bulgaria",1997,30.72
"Bulgaria",1998,32.83
"Bulgaria",1999,34.6
"Bulgaria",2000,35.3
"Bulgaria",2001,34.91
"Bulgaria",2002,33.45
"Bulgaria",2003,32.97
"Bulgaria",2004,30.58
"Bulgaria",2005,28.63
"Bulgaria",2006,26.78
"Bulgaria",2007,23.7
"Bulgaria",2008,22.77
"Bulgaria",2009,24.08
"Bulgaria",2010,23.42
"Bulgaria",2011,22.39
"Bulgaria",2012,22.12
"Bulgaria",2013,22.37
"Bulgaria",2014,21.6
"Bulgaria",2015,20.83
"Burkina Faso",1991,43.42
"Burkina Faso",1992,44.06
"Burkina Faso",1993,44.89
"Burkina Faso",1994,44.75
"Burkina Faso",1995,43.59
"Burkina Faso",1996,43.91
"Burkina Faso",1997,41.76
"Burkina Faso",1998,41.26
"Burkina Faso",1999,38.81
"Burkina Faso",2000,41.4
"Burkina Faso",2001,41.2
"Burkina Faso",2002,41.22
"Burkina Faso",2003,39.34
"Burkina Faso",2004,38.69
"Burkina Faso",2005,37.25
"Burkina Faso",2006,36.21
"Burkina Faso",2007,38.3
"Burkina Faso",2008,36.4
"Burkina Faso",2009,35.64
"Burkina Faso",2010,33.29
"Burkina Faso",2011,32.06
"Burkina Faso",2012,31.12
"Burkina Faso",2013,31.12
"Burkina Faso",2014,30.53
"Burkina Faso",2015,29.63
"Burundi",1991,26.87
"Burundi",1992,28.78
"Burundi",1993,31.52
"Burundi",1994,32.17
"Burundi",1995,34.62
"Burundi",1996,39.84
"Burundi",1997,38.61
"Burundi",1998,37.99
"Burundi",1999,38.88
"Burundi",2000,39.5
"Burundi",2001,39.36
"Burundi",2002,39.05
"Burundi",2003,40.02
"Burundi",2004,39.75
"Burundi",2005,38.08
"Burundi",2006,35.96
"Burundi",2007,38.89
"Burundi",2008,38.23
"Burundi",2009,37.95
"Burundi",2010,38.64
"Burundi",2011,37.86
"Burundi",2012,37.04
"Burundi",2013,36.93
"Burundi",2014,36.25
"Burundi",2015,35.68
"Cabo Verde",1991,44.03
"Cabo Verde",1992,44.69
"Cabo Verde",1993,47.21
"Cabo Verde",1994,43.88
"Cabo Verde",1995,43.76
"Cabo Verde",1996,39.6
"Cabo Verde",1997,41.17
"Cabo Verde",1998,38.48
"Cabo Verde",1999,38.25
"Cabo Verde",2000,36.1
"Cabo Verde",2001,35.3
"Cabo Verde",2002,36.05
"Cabo Verde",2003,37.16
"Cabo Verde",2004,36.02
"Cabo Verde",2005,34.86
"Cabo Verde",2006,30.32
"Cabo Verde",2007,29.94
"Cabo Verde",2008,29.16
"Cabo Verde",2009,31.48
"Cabo Verde",2010,30.83
"Cabo Verde",2011,29.59
"Cabo Verde",2012,29.52
"Cabo Verde",2013,29.2
"Cabo Verde",2014,29.26
"Cabo Verde",2015,30.23
"Cambodia",1991,44.12
"Cambodia",1992,45.4
"Cambodia",1993,54.06
"Cambodia",1994,56.69
"Cambodia",1995,54.55
"Cambodia",1996,55.11
"Cambodia",1997,53.95
"Cambodia",1998,53.24
"Cambodia",1999,51.95
"Cambodia",2000,50.1
"Cambodia",2001,49.8
"Cambodia",2002,49.35
"Cambodia",2003,49.66
"Cambodia",2004,46.74
"Cambodia",2005,43.69
"Cambodia",2006,40.92
"Cambodia",2007,41.76
"Cambodia",2008,41.02
"Cambodia",2009,42.88
"Cambodia",2010,42.31
"Cambodia",2011,40.3
"Cambodia",2012,38.08
"Cambodia",2013,36.56
"Cambodia",2014,34.92
"Cambodia",2015,33.85
"Cameroon",1991,35.14
"Cameroon",1992,35.48
"Cameroon",1993,37.91
"Cameroon",1994,34.86
"Cameroon",1995,33
"Cameroon",1996,35.6
"Cameroon",1997,34.03
"Cameroon",1998,33.37
"Cameroon",1999,33.58
"Cameroon",2000,32.8
"Cameroon",2001,33.06
"Cameroon",2002,32.94
"Cameroon",2003,31.96
"Cameroon",2004,32.06
"Cameroon",2005,31.37
"Cameroon",2006,30.44
"Cameroon",2007,30.43
"Cameroon",2008,30.26
"Cameroon",2009,32.51
"Cameroon",2010,31.93
"Cameroon",2011,31.2
"Cameroon",2012,30.52
"Cameroon",2013,29.63
"Cameroon",2014,28.14
"Cameroon",2015,28.93
"Central African Republic",1991,39.8
"Central African Republic",1992,43.28
"Central African Republic",1993,43.64
"Central African Republic",1994,41.94
"Central African Republic",1995,39.84
"Central African Republic",1996,42.26
"Central African Republic",1997,39.11
"Central African Republic",1998,38.7
"Central African Republic",1999,41.43
"Central African Republic",2000,42.6
"Central African Republic",2001,41.84
"Central African Republic",2002,40.28
"Central African Republic",2003,43.12
"Central African Republic",2004,42.12
"Central African Republic",2005,41.58
"Central African Republic",2006,39.12
"Central African Republic",2007,38.15
"Central African Republic",2008,38.88
"Central African Republic",2009,38.23
"Central African Republic",2010,37.54
"Central African Republic",2011,36.94
"Central African Republic",2012,37.85
"Central African Republic",2013,52.64
"Central African Republic",2014,55.96
"Central African Republic",2015,50.71
"Chad",1991,45.92
"Chad",1992,45.75
"Chad",1993,48.86
"Chad",1994,46.23
"Chad",1995,46.18
"Chad",1996,46.31
"Chad",1997,46.04
"Chad",1998,44.36
"Chad",1999,46.6
"Chad",2000,46.2
"Chad",2001,45.23
"Chad",2002,40.32
"Chad",2003,42.04
"Chad",2004,35.03
"Chad",2005,34.26
"Chad",2006,35.01
"Chad",2007,36.35
"Chad",2008,37.11
"Chad",2009,37.11
"Chad",2010,34.11
"Chad",2011,35.14
"Chad",2012,33.9
"Chad",2013,34.3
"Chad",2014,31.2
"Chad",2015,28.76
"Chile",1991,19.83
"Chile",1992,19.62
"Chile",1993,19.82
"Chile",1994,19.51
"Chile",1995,18.61
"Chile",1996,19.06
"Chile",1997,18.03
"Chile",1998,18.77
"Chile",1999,19.74
"Chile",2000,18.9
"Chile",2001,18.53
"Chile",2002,18.34
"Chile",2003,17.8
"Chile",2004,16.86
"Chile",2005,16.16
"Chile",2006,15.67
"Chile",2007,15.1
"Chile",2008,14.09
"Chile",2009,14.47
"Chile",2010,14.06
"Chile",2011,12.96
"Chile",2012,12.64
"Chile",2013,12.79
"Chile",2014,12.72
"Chile",2015,13.16
"China",1991,17.47
"China",1992,17.03
"China",1993,16.86
"China",1994,16.43
"China",1995,15.86
"China",1996,16.07
"China",1997,16.07
"China",1998,16.13
"China",1999,16.52
"China",2000,16.5
"China",2001,16.33
"China",2002,15.82
"China",2003,15.12
"China",2004,14.31
"China",2005,14.14
"China",2006,13.84
"China",2007,13.82
"China",2008,12.79
"China",2009,12.83
"China",2010,12.13
"China",2011,12.03
"China",2012,12.41
"China",2013,12.25
"China",2014,11.74
"China",2015,12.11
"Colombia",1991,35.69
"Colombia",1992,34.53
"Colombia",1993,34.95
"Colombia",1994,35.41
"Colombia",1995,35.24
"Colombia",1996,37.3
"Colombia",1997,36.19
"Colombia",1998,37.46
"Colombia",1999,38.98
"Colombia",2000,39.1
"Colombia",2001,37.26
"Colombia",2002,37.97
"Colombia",2003,35.87
"Colombia",2004,35.3
"Colombia",2005,33.98
"Colombia",2006,31.79
"Colombia",2007,30.89
"Colombia",2008,29.82
"Colombia",2009,31.24
"Colombia",2010,30.71
"Colombia",2011,27.6
"Colombia",2012,27.34
"Colombia",2013,26.77
"Colombia",2014,25.99
"Colombia",2015,25.25
"Comoros",1991,39.97
"Comoros",1992,35.79
"Comoros",1993,35.89
"Comoros",1994,40.15
"Comoros",1995,39.87
"Comoros",1996,41.56
"Comoros",1997,40.77
"Comoros",1998,43.22
"Comoros",1999,42.93
"Comoros",2000,39.6
"Comoros",2001,39.11
"Comoros",2002,39.31
"Comoros",2003,37.86
"Comoros",2004,38.78
"Comoros",2005,37.92
"Comoros",2006,37.45
"Comoros",2007,38.08
"Comoros",2008,39.21
"Comoros",2009,40.02
"Comoros",2010,39.05
"Comoros",2011,38.63
"Comoros",2012,38.61
"Comoros",2013,36.63
"Comoros",2014,36.44
"Comoros",2015,40.92
"Congo, Rep.",1991,50.4
"Congo, Rep.",1992,50.74
"Congo, Rep.",1993,52.82
"Congo, Rep.",1994,52.08
"Congo, Rep.",1995,49
"Congo, Rep.",1996,47.53
"Congo, Rep.",1997,51.09
"Congo, Rep.",1998,52.86
"Congo, Rep.",1999,52.17
"Congo, Rep.",2000,48.2
"Congo, Rep.",2001,48.41
"Congo, Rep.",2002,48.24
"Congo, Rep.",2003,47.33
"Congo, Rep.",2004,46.31
"Congo, Rep.",2005,44.52
"Congo, Rep.",2006,41.81
"Congo, Rep.",2007,45.64
"Congo, Rep.",2008,43.27
"Congo, Rep.",2009,40.65
"Congo, Rep.",2010,36.4
"Congo, Rep.",2011,36.43
"Congo, Rep.",2012,37.13
"Congo, Rep.",2013,36.28
"Congo, Rep.",2014,33.18
"Congo, Rep.",2015,35.05
"Costa Rica",1991,28.63
"Costa Rica",1992,26.72
"Costa Rica",1993,26.47
"Costa Rica",1994,26.71
"Costa Rica",1995,26.72
"Costa Rica",1996,26.95
"Costa Rica",1997,26.18
"Costa Rica",1998,23.82
"Costa Rica",1999,23.99
"Costa Rica",2000,23.9
"Costa Rica",2001,25.7
"Costa Rica",2002,25.09
"Costa Rica",2003,24.11
"Costa Rica",2004,24
"Costa Rica",2005,23.06
"Costa Rica",2006,22.12
"Costa Rica",2007,22.2
"Costa Rica",2008,21.3
"Costa Rica",2009,24.33
"Costa Rica",2010,24.6
"Costa Rica",2011,24.72
"Costa Rica",2012,23.76
"Costa Rica",2013,23.81
"Costa Rica",2014,23.41
"Costa Rica",2015,19.24
"Côte d'Ivoire",1991,46.29
"Côte d'Ivoire",1992,48.39
"Côte d'Ivoire",1993,48.25
"Côte d'Ivoire",1994,44.53
"Côte d'Ivoire",1995,41.05
"Côte d'Ivoire",1996,38.88
"Côte d'Ivoire",1997,42.53
"Côte d'Ivoire",1998,40.37
"Côte d'Ivoire",1999,41.53
"Côte d'Ivoire",2000,43.2
"Côte d'Ivoire",2001,43.64
"Côte d'Ivoire",2002,43.68
"Côte d'Ivoire",2003,46.49
"Côte d'Ivoire",2004,45.62
"Côte d'Ivoire",2005,44.55
"Côte d'Ivoire",2006,43.84
"Côte d'Ivoire",2007,44.39
"Côte d'Ivoire",2008,43.94
"Côte d'Ivoire",2009,42.81
"Côte d'Ivoire",2010,42.15
"Côte d'Ivoire",2011,43.63
"Côte d'Ivoire",2012,43.47
"Côte d'Ivoire",2013,41.06
"Côte d'Ivoire",2014,38.94
"Côte d'Ivoire",2015,42.4
"Croatia",1991,30.7
"Croatia",1992,32.85
"Croatia",1993,34.93
"Croatia",1994,35.91
"Croatia",1995,37.33
"Croatia",1996,35.64
"Croatia",1997,32.64
"Croatia",1998,34.22
"Croatia",1999,34.6
"Croatia",2000,32
"Croatia",2001,30.91
"Croatia",2002,29.06
"Croatia",2003,27.13
"Croatia",2004,26.1
"Croatia",2005,24.96
"Croatia",2006,23.8
"Croatia",2007,22.5
"Croatia",2008,21.56
"Croatia",2009,25.27
"Croatia",2010,25.6
"Croatia",2011,24.64
"Croatia",2012,25.26
"Croatia",2013,25.28
"Croatia",2014,24.48
"Croatia",2015,22.96
"Czech Republic",1991,18.42
"Czech Republic",1992,17.77
"Czech Republic",1993,18.18
"Czech Republic",1994,18.22
"Czech Republic",1995,16.81
"Czech Republic",1996,16.05
"Czech Republic",1997,16.7
"Czech Republic",1998,16.31
"Czech Republic",1999,17.15
"Czech Republic",2000,16.8
"Czech Republic",2001,15.8
"Czech Republic",2002,16.75
"Czech Republic",2003,17.08
"Czech Republic",2004,15.75
"Czech Republic",2005,14.46
"Czech Republic",2006,13.14
"Czech Republic",2007,11.53
"Czech Republic",2008,11.18
"Czech Republic",2009,13.52
"Czech Republic",2010,12.97
"Czech Republic",2011,11.68
"Czech Republic",2012,11.5
"Czech Republic",2013,11.79
"Czech Republic",2014,10.76
"Czech Republic",2015,10.47
"Denmark",1991,17.08
"Denmark",1992,17.03
"Denmark",1993,18.06
"Denmark",1994,16.69
"Denmark",1995,16.15
"Denmark",1996,16.5
"Denmark",1997,15.17
"Denmark",1998,15.54
"Denmark",1999,15.16
"Denmark",2000,14.6
"Denmark",2001,14.23
"Denmark",2002,14.77
"Denmark",2003,14.94
"Denmark",2004,14.55
"Denmark",2005,13.75
"Denmark",2006,12.66
"Denmark",2007,12.51
"Denmark",2008,13.01
"Denmark",2009,16.33
"Denmark",2010,16.17
"Denmark",2011,15.26
"Denmark",2012,15.48
"Denmark",2013,15.24
"Denmark",2014,14.13
"Denmark",2015,14.7
"Dominican Republic",1991,35.84
"Dominican Republic",1992,35.85
"Dominican Republic",1993,35.62
"Dominican Republic",1994,34.73
"Dominican Republic",1995,34.41
"Dominican Republic",1996,33.57
"Dominican Republic",1997,34.07
"Dominican Republic",1998,32.24
"Dominican Republic",1999,32.49
"Dominican Republic",2000,32.1
"Dominican Republic",2001,33.59
"Dominican Republic",2002,33.68
"Dominican Republic",2003,31.94
"Dominican Republic",2004,32.34
"Dominican Republic",2005,32.95
"Dominican Republic",2006,30.78
"Dominican Republic",2007,32.24
"Dominican Republic",2008,31.26
"Dominican Republic",2009,33.1
"Dominican Republic",2010,30.71
"Dominican Republic",2011,30.48
"Dominican Republic",2012,30.58
"Dominican Republic",2013,29.02
"Dominican Republic",2014,27.6
"Dominican Republic",2015,27.97
"Ecuador",1991,35.84
"Ecuador",1992,35.47
"Ecuador",1993,36.03
"Ecuador",1994,36.98
"Ecuador",1995,35.69
"Ecuador",1996,34.54
"Ecuador",1997,36.58
"Ecuador",1998,34.75
"Ecuador",1999,37.02
"Ecuador",2000,34.4
"Ecuador",2001,36.05
"Ecuador",2002,35.81
"Ecuador",2003,36.42
"Ecuador",2004,33.84
"Ecuador",2005,32.67
"Ecuador",2006,32.14
"Ecuador",2007,31.4
"Ecuador",2008,31.04
"Ecuador",2009,34.32
"Ecuador",2010,32.07
"Ecuador",2011,29.71
"Ecuador",2012,29.19
"Ecuador",2013,28.45
"Ecuador",2014,28.5
"Ecuador",2015,30.18
"Egypt",1991,36.02
"Egypt",1992,35.57
"Egypt",1993,36.51
"Egypt",1994,36.82
"Egypt",1995,36.85
"Egypt",1996,35.28
"Egypt",1997,35.99
"Egypt",1998,35.47
"Egypt",1999,35.83
"Egypt",2000,35.1
"Egypt",2001,35.49
"Egypt",2002,35.7
"Egypt",2003,35.16
"Egypt",2004,33.92
"Egypt",2005,33.47
"Egypt",2006,33.07
"Egypt",2007,30.8
"Egypt",2008,28.88
"Egypt",2009,30.3
"Egypt",2010,30.5
"Egypt",2011,32.91
"Egypt",2012,33.64
"Egypt",2013,34.37
"Egypt",2014,34.96
"Egypt",2015,33.32
"El Salvador",1991,52.74
"El Salvador",1992,52.96
"El Salvador",1993,52.82
"El Salvador",1994,49.56
"El Salvador",1995,48.33
"El Salvador",1996,50.78
"El Salvador",1997,47.93
"El Salvador",1998,47.8
"El Salvador",1999,46.88
"El Salvador",2000,46.3
"El Salvador",2001,46.03
"El Salvador",2002,44.19
"El Salvador",2003,43.53
"El Salvador",2004,42.21
"El Salvador",2005,42.74
"El Salvador",2006,42.34
"El Salvador",2007,40.93
"El Salvador",2008,40.05
"El Salvador",2009,45.73
"El Salvador",2010,44.69
"El Salvador",2011,42.77
"El Salvador",2012,42.72
"El Salvador",2013,41.78
"El Salvador",2014,41.3
"El Salvador",2015,42.6
"Equatorial Guinea",1991,37.64
"Equatorial Guinea",1992,37.54
"Equatorial Guinea",1993,38.1
"Equatorial Guinea",1994,37.27
"Equatorial Guinea",1995,35.97
"Equatorial Guinea",1996,32.71
"Equatorial Guinea",1997,33.1
"Equatorial Guinea",1998,33.47
"Equatorial Guinea",1999,32.69
"Equatorial Guinea",2000,32.8
"Equatorial Guinea",2001,30.75
"Equatorial Guinea",2002,32.06
"Equatorial Guinea",2003,30.82
"Equatorial Guinea",2004,29.77
"Equatorial Guinea",2005,30.15
"Equatorial Guinea",2006,29.27
"Equatorial Guinea",2007,27.7
"Equatorial Guinea",2008,27.16
"Equatorial Guinea",2009,27.87
"Equatorial Guinea",2010,28.76
"Equatorial Guinea",2011,28.37
"Equatorial Guinea",2012,28.55
"Equatorial Guinea",2013,29.92
"Equatorial Guinea",2014,32.2
"Equatorial Guinea",2015,31.38
"Eritrea",1991,37.57
"Eritrea",1992,48.92
"Eritrea",1993,44.07
"Eritrea",1994,36.69
"Eritrea",1995,38.65
"Eritrea",1996,33.54
"Eritrea",1997,31.42
"Eritrea",1998,34.25
"Eritrea",1999,38.16
"Eritrea",2000,40.3
"Eritrea",2001,36.28
"Eritrea",2002,35.68
"Eritrea",2003,39.56
"Eritrea",2004,39.42
"Eritrea",2005,39.86
"Eritrea",2006,41.13
"Eritrea",2007,41.61
"Eritrea",2008,46.36
"Eritrea",2009,44.45
"Eritrea",2010,44.88
"Eritrea",2011,41.38
"Eritrea",2012,37.33
"Eritrea",2013,38.18
"Eritrea",2014,36.09
"Eritrea",2015,36.53
"Estonia",1991,23.54
"Estonia",1992,26.04
"Estonia",1993,29.13
"Estonia",1994,29.79
"Estonia",1995,30.51
"Estonia",1996,30.22
"Estonia",1997,27.01
"Estonia",1998,26.79
"Estonia",1999,27.59
"Estonia",2000,27.7
"Estonia",2001,26.16
"Estonia",2002,25.39
"Estonia",2003,24.77
"Estonia",2004,23.15
"Estonia",2005,21.26
"Estonia",2006,19
"Estonia",2007,17.84
"Estonia",2008,19.42
"Estonia",2009,24.6
"Estonia",2010,22.99
"Estonia",2011,19.67
"Estonia",2012,18.34
"Estonia",2013,17.97
"Estonia",2014,17.52
"Estonia",2015,18.49
"Ethiopia",1991,38.29
"Ethiopia",1992,37.77
"Ethiopia",1993,36.71
"Ethiopia",1994,37.55
"Ethiopia",1995,38.05
"Ethiopia",1996,36.39
"Ethiopia",1997,36.22
"Ethiopia",1998,37.83
"Ethiopia",1999,39.82
"Ethiopia",2000,40.3
"Ethiopia",2001,37.98
"Ethiopia",2002,38.79
"Ethiopia",2003,39.3
"Ethiopia",2004,36.97
"Ethiopia",2005,36.13
"Ethiopia",2006,33.87
"Ethiopia",2007,32.41
"Ethiopia",2008,31.68
"Ethiopia",2009,31.41
"Ethiopia",2010,30.1
"Ethiopia",2011,27.65
"Ethiopia",2012,26.84
"Ethiopia",2013,26.21
"Ethiopia",2014,24.47
"Ethiopia",2015,25.1
"Fiji",1991,38.88
"Fiji",1992,38.44
"Fiji",1993,38.4
"Fiji",1994,35.64
"Fiji",1995,34.81
"Fiji",1996,32.5
"Fiji",1997,35.63
"Fiji",1998,35.77
"Fiji",1999,32.9
"Fiji",2000,33.6
"Fiji",2001,32.84
"Fiji",2002,31.17
"Fiji",2003,31.74
"Fiji",2004,27.94
"Fiji",2005,28.57
"Fiji",2006,30.42
"Fiji",2007,32.33
"Fiji",2008,29.84
"Fiji",2009,33.48
"Fiji",2010,32.06
"Fiji",2011,29.64
"Fiji",2012,29.48
"Fiji",2013,31.19
"Fiji",2014,28.97
"Fiji",2015,25.37
"Finland",1991,16.52
"Finland",1992,17.11
"Finland",1993,17
"Finland",1994,16.32
"Finland",1995,15.74
"Finland",1996,15.91
"Finland",1997,14.51
"Finland",1998,13.77
"Finland",1999,13.39
"Finland",2000,12.5
"Finland",2001,12.46
"Finland",2002,13
"Finland",2003,12.71
"Finland",2004,12.29
"Finland",2005,11.97
"Finland",2006,11.26
"Finland",2007,10.98
"Finland",2008,10.95
"Finland",2009,13.11
"Finland",2010,12.54
"Finland",2011,12.19
"Finland",2012,12.59
"Finland",2013,13.08
"Finland",2014,12.12
"Finland",2015,13.3
"France",1991,14.96
"France",1992,15.58
"France",1993,16.76
"France",1994,16.6
"France",1995,16.2
"France",1996,16.28
"France",1997,16.01
"France",1998,15.34
"France",1999,14.92
"France",2000,13.8
"France",2001,13.31
"France",2002,14.72
"France",2003,14.58
"France",2004,14
"France",2005,13.96
"France",2006,13.31
"France",2007,12.88
"France",2008,11.61
"France",2009,13.89
"France",2010,13.11
"France",2011,11.81
"France",2012,12.08
"France",2013,12.41
"France",2014,12.12
"France",2015,11.65
"Gabon",1991,48.72
"Gabon",1992,50.91
"Gabon",1993,48.21
"Gabon",1994,43.95
"Gabon",1995,43.84
"Gabon",1996,44.23
"Gabon",1997,41.6
"Gabon",1998,43.1
"Gabon",1999,49.15
"Gabon",2000,48
"Gabon",2001,56.07
"Gabon",2002,55.82
"Gabon",2003,57.4
"Gabon",2004,58.13
"Gabon",2005,55.41
"Gabon",2006,59.63
"Gabon",2007,58.68
"Gabon",2008,60.07
"Gabon",2009,63.47
"Gabon",2010,58.02
"Gabon",2011,54.75
"Gabon",2012,53.5
"Gabon",2013,52.52
"Gabon",2014,53.48
"Gabon",2015,52.01
"Gambia",1991,50.65
"Gambia",1992,49.38
"Gambia",1993,49.46
"Gambia",1994,53.55
"Gambia",1995,56.73
"Gambia",1996,55.31
"Gambia",1997,54.35
"Gambia",1998,51.61
"Gambia",1999,48.35
"Gambia",2000,45.1
"Gambia",2001,42.36
"Gambia",2002,51.76
"Gambia",2003,42.85
"Gambia",2004,38.9
"Gambia",2005,45.77
"Gambia",2006,48.19
"Gambia",2007,47.9
"Gambia",2008,45.28
"Gambia",2009,39.78
"Gambia",2010,35.17
"Gambia",2011,48.57
"Gambia",2012,42.64
"Gambia",2013,40.95
"Gambia",2014,43.81
"Gambia",2015,43.64
"Georgia",1991,61.47
"Georgia",1992,65.31
"Georgia",1993,65.01
"Georgia",1994,63.7
"Georgia",1995,71.95
"Georgia",1996,71.33
"Georgia",1997,69.35
"Georgia",1998,71.27
"Georgia",1999,70.1
"Georgia",2000,67.3
"Georgia",2001,66.86
"Georgia",2002,67.53
"Georgia",2003,64.9
"Georgia",2004,66.1
"Georgia",2005,66.91
"Georgia",2006,63.79
"Georgia",2007,64.55
"Georgia",2008,67.93
"Georgia",2009,68.46
"Georgia",2010,64.73
"Georgia",2011,60.86
"Georgia",2012,58.67
"Georgia",2013,56.57
"Georgia",2014,54.1
"Georgia",2015,53.07
"Germany",1991,13.26
"Germany",1992,13.78
"Germany",1993,14.28
"Germany",1994,14.18
"Germany",1995,14.06
"Germany",1996,14.62
"Germany",1997,13.97
"Germany",1998,13.72
"Germany",1999,13.32
"Germany",2000,12.9
"Germany",2001,12.48
"Germany",2002,13.01
"Germany",2003,13.18
"Germany",2004,12.8
"Germany",2005,12.61
"Germany",2006,11.41
"Germany",2007,10.56
"Germany",2008,9.59
"Germany",2009,11.69
"Germany",2010,10.88
"Germany",2011,9.05
"Germany",2012,8.85
"Germany",2013,9.22
"Germany",2014,8.17
"Germany",2015,7.75
"Ghana",1991,46.07
"Ghana",1992,46.12
"Ghana",1993,47.71
"Ghana",1994,46.18
"Ghana",1995,44.98
"Ghana",1996,46.97
"Ghana",1997,44.65
"Ghana",1998,45.7
"Ghana",1999,44.58
"Ghana",2000,41.9
"Ghana",2001,42.62
"Ghana",2002,42.66
"Ghana",2003,42.6
"Ghana",2004,42.9
"Ghana",2005,43.16
"Ghana",2006,41.68
"Ghana",2007,41.51
"Ghana",2008,41.41
"Ghana",2009,40.61
"Ghana",2010,40.03
"Ghana",2011,40.64
"Ghana",2012,40.99
"Ghana",2013,39.25
"Ghana",2014,38.5
"Ghana",2015,39.37
"Greece",1991,28.79
"Greece",1992,28.46
"Greece",1993,29.35
"Greece",1994,28.92
"Greece",1995,29.76
"Greece",1996,28.63
"Greece",1997,28.91
"Greece",1998,28.23
"Greece",1999,27.82
"Greece",2000,26.1
"Greece",2001,26.46
"Greece",2002,27.01
"Greece",2003,26.17
"Greece",2004,25.29
"Greece",2005,25.99
"Greece",2006,24.9
"Greece",2007,24.23
"Greece",2008,23.2
"Greece",2009,25.32
"Greece",2010,26.15
"Greece",2011,27.08
"Greece",2012,28.39
"Greece",2013,27.78
"Greece",2014,27.11
"Greece",2015,26.45
"Guatemala",1991,63.95
"Guatemala",1992,63.38
"Guatemala",1993,61.9
"Guatemala",1994,60.18
"Guatemala",1995,59.76
"Guatemala",1996,60.86
"Guatemala",1997,58.75
"Guatemala",1998,57.45
"Guatemala",1999,54.66
"Guatemala",2000,51.5
"Guatemala",2001,54.44
"Guatemala",2002,55.29
"Guatemala",2003,56.06
"Guatemala",2004,53.47
"Guatemala",2005,53.12
"Guatemala",2006,50.46
"Guatemala",2007,49.68
"Guatemala",2008,50.47
"Guatemala",2009,53.26
"Guatemala",2010,52.23
"Guatemala",2011,51.76
"Guatemala",2012,50.62
"Guatemala",2013,50.48
"Guatemala",2014,47.82
"Guatemala",2015,46.88
"Guinea",1991,41.22
"Guinea",1992,41.34
"Guinea",1993,41.16
"Guinea",1994,41.88
"Guinea",1995,41.75
"Guinea",1996,42.03
"Guinea",1997,41.32
"Guinea",1998,39.73
"Guinea",1999,40.14
"Guinea",2000,39.7
"Guinea",2001,39.12
"Guinea",2002,38.09
"Guinea",2003,39.01
"Guinea",2004,38.77
"Guinea",2005,37.54
"Guinea",2006,37.41
"Guinea",2007,38.3
"Guinea",2008,38.94
"Guinea",2009,42.16
"Guinea",2010,43.89
"Guinea",2011,39.6
"Guinea",2012,37.51
"Guinea",2013,38.32
"Guinea",2014,38.18
"Guinea",2015,41.58
"Guinea Bissau",1991,30.64
"Guinea Bissau",1992,30.5
"Guinea Bissau",1993,32.41
"Guinea Bissau",1994,30.82
"Guinea Bissau",1995,30.73
"Guinea Bissau",1996,27.98
"Guinea Bissau",1997,21.98
"Guinea Bissau",1998,42.76
"Guinea Bissau",1999,37.78
"Guinea Bissau",2000,39.6
"Guinea Bissau",2001,39.88
"Guinea Bissau",2002,41.71
"Guinea Bissau",2003,42.4
"Guinea Bissau",2004,41.51
"Guinea Bissau",2005,40.07
"Guinea Bissau",2006,40.4
"Guinea Bissau",2007,39.2
"Guinea Bissau",2008,38.51
"Guinea Bissau",2009,38.61
"Guinea Bissau",2010,37.54
"Guinea Bissau",2011,34.13
"Guinea Bissau",2012,39.01
"Guinea Bissau",2013,38.69
"Guinea Bissau",2014,38.75
"Guinea Bissau",2015,34.94
"Guyana",1991,36.55
"Guyana",1992,35.01
"Guyana",1993,34.54
"Guyana",1994,34.18
"Guyana",1995,33.53
"Guyana",1996,31.45
"Guyana",1997,32.07
"Guyana",1998,31.7
"Guyana",1999,32.4
"Guyana",2000,33.6
"Guyana",2001,33.86
"Guyana",2002,34.17
"Guyana",2003,35.83
"Guyana",2004,34.65
"Guyana",2005,36.27
"Guyana",2006,31.85
"Guyana",2007,29.65
"Guyana",2008,31.58
"Guyana",2009,30.65
"Guyana",2010,28.73
"Guyana",2011,27.52
"Guyana",2012,26.35
"Guyana",2013,26.16
"Guyana",2014,26.03
"Guyana",2015,26.09
"Haiti",1991,42.14
"Haiti",1992,46.75
"Haiti",1993,44.87
"Haiti",1994,55.79
"Haiti",1995,50.18
"Haiti",1996,52.83
"Haiti",1997,50.89
"Haiti",1998,57.19
"Haiti",1999,54.69
"Haiti",2000,55.4
"Haiti",2001,56.61
"Haiti",2002,59.12
"Haiti",2003,56.05
"Haiti",2004,54.67
"Haiti",2005,55.02
"Haiti",2006,56.53
"Haiti",2007,58.25
"Haiti",2008,54.15
"Haiti",2009,53.72
"Haiti",2010,52.93
"Haiti",2011,52.3
"Haiti",2012,52.49
"Haiti",2013,51.84
"Haiti",2014,51.21
"Haiti",2015,56.38
"Honduras",1991,53.74
"Honduras",1992,51.79
"Honduras",1993,49.64
"Honduras",1994,49.83
"Honduras",1995,48.89
"Honduras",1996,49.12
"Honduras",1997,46.96
"Honduras",1998,48.1
"Honduras",1999,50.41
"Honduras",2000,49.6
"Honduras",2001,50.45
"Honduras",2002,49.28
"Honduras",2003,49.36
"Honduras",2004,47.36
"Honduras",2005,44.37
"Honduras",2006,42.68
"Honduras",2007,41.14
"Honduras",2008,40.97
"Honduras",2009,45.48
"Honduras",2010,44.9
"Honduras",2011,41.96
"Honduras",2012,42.12
"Honduras",2013,42.37
"Honduras",2014,39.51
"Honduras",2015,37.68
"Hong Kong",1991,15.75
"Hong Kong",1992,15.69
"Hong Kong",1993,15.48
"Hong Kong",1994,15.31
"Hong Kong",1995,15.56
"Hong Kong",1996,16.13
"Hong Kong",1997,15.36
"Hong Kong",1998,16.84
"Hong Kong",1999,16.93
"Hong Kong",2000,16.6
"Hong Kong",2001,16.54
"Hong Kong",2002,16.99
"Hong Kong",2003,16.61
"Hong Kong",2004,15.52
"Hong Kong",2005,14.45
"Hong Kong",2006,13.74
"Hong Kong",2007,13.11
"Hong Kong",2008,13.01
"Hong Kong",2009,13.81
"Hong Kong",2010,12.79
"Hong Kong",2011,12.22
"Hong Kong",2012,12.29
"Hong Kong",2013,12.15
"Hong Kong",2014,11.89
"Hong Kong",2015,12.39
"Hungary",1991,31.89
"Hungary",1992,32.26
"Hungary",1993,33.69
"Hungary",1994,32.03
"Hungary",1995,30.18
"Hungary",1996,29.18
"Hungary",1997,28.35
"Hungary",1998,27.11
"Hungary",1999,26.57
"Hungary",2000,25.1
"Hungary",2001,24.7
"Hungary",2002,24.14
"Hungary",2003,24.19
"Hungary",2004,22.88
"Hungary",2005,22.52
"Hungary",2006,21.05
"Hungary",2007,21.4
"Hungary",2008,20.58
"Hungary",2009,23.18
"Hungary",2010,22.82
"Hungary",2011,21.87
"Hungary",2012,22.26
"Hungary",2013,21.63
"Hungary",2014,20.78
"Hungary",2015,20.49
"Iceland",1991,15.03
"Iceland",1992,15.81
"Iceland",1993,16.01
"Iceland",1994,15.72
"Iceland",1995,15.73
"Iceland",1996,15.54
"Iceland",1997,14.92
"Iceland",1998,14.64
"Iceland",1999,14.41
"Iceland",2000,14.3
"Iceland",2001,14.05
"Iceland",2002,14.64
"Iceland",2003,14.57
"Iceland",2004,13.78
"Iceland",2005,13.26
"Iceland",2006,13.14
"Iceland",2007,12.69
"Iceland",2008,12.56
"Iceland",2009,14.12
"Iceland",2010,14.16
"Iceland",2011,13.74
"Iceland",2012,13.38
"Iceland",2013,13.31
"Iceland",2014,13.07
"Iceland",2015,12.45
"India",1991,28.43
"India",1992,27.96
"India",1993,28.02
"India",1994,26.5
"India",1995,26.67
"India",1996,25.69
"India",1997,27.07
"India",1998,26.96
"India",1999,27.83
"India",2000,26.7
"India",2001,26.62
"India",2002,26.48
"India",2003,24.84
"India",2004,23.87
"India",2005,23.44
"India",2006,22.06
"India",2007,21.03
"India",2008,21.68
"India",2009,22.27
"India",2010,20.65
"India",2011,19.71
"India",2012,18.99
"India",2013,18.11
"India",2014,18.33
"India",2015,17.89
"Indonesia",1991,26.99
"Indonesia",1992,26.18
"Indonesia",1993,26.38
"Indonesia",1994,25.59
"Indonesia",1995,24.62
"Indonesia",1996,23.64
"Indonesia",1997,23.49
"Indonesia",1998,21.78
"Indonesia",1999,24.33
"Indonesia",2000,23.7
"Indonesia",2001,24.05
"Indonesia",2002,25.43
"Indonesia",2003,25.9
"Indonesia",2004,25.18
"Indonesia",2005,24.82
"Indonesia",2006,24.87
"Indonesia",2007,25.13
"Indonesia",2008,23.4
"Indonesia",2009,24.29
"Indonesia",2010,23.44
"Indonesia",2011,22.65
"Indonesia",2012,22.22
"Indonesia",2013,21.92
"Indonesia",2014,21.05
"Indonesia",2015,21.76
"Iran",1991,19.13
"Iran",1992,19.54
"Iran",1993,20.42
"Iran",1994,20.85
"Iran",1995,21.06
"Iran",1996,20.65
"Iran",1997,20.07
"Iran",1998,20.35
"Iran",1999,19.88
"Iran",2000,18.9
"Iran",2001,19.89
"Iran",2002,18.39
"Iran",2003,17.02
"Iran",2004,16.01
"Iran",2005,16.63
"Iran",2006,16.34
"Iran",2007,14.52
"Iran",2008,14.6
"Iran",2009,15.73
"Iran",2010,15.6
"Iran",2011,14.93
"Iran",2012,15.79
"Iran",2013,16.17
"Iran",2014,16.14
"Iran",2015,18.38
"Ireland",1991,18.36
"Ireland",1992,18.3
"Ireland",1993,18.11
"Ireland",1994,17.67
"Ireland",1995,16.75
"Ireland",1996,16.69
"Ireland",1997,15.51
"Ireland",1998,14.76
"Ireland",1999,13.82
"Ireland",2000,13.4
"Ireland",2001,12.92
"Ireland",2002,13.23
"Ireland",2003,13.76
"Ireland",2004,13.52
"Ireland",2005,13.08
"Ireland",2006,12.59
"Ireland",2007,12.55
"Ireland",2008,12.45
"Ireland",2009,13.36
"Ireland",2010,11.78
"Ireland",2011,12.49
"Ireland",2012,11.4
"Ireland",2013,11.14
"Ireland",2014,9.93
"Ireland",2015,9.58
"Israel",1991,25.02
"Israel",1992,24.83
"Israel",1993,24.05
"Israel",1994,23.18
"Israel",1995,23.42
"Israel",1996,22.26
"Israel",1997,23.38
"Israel",1998,23.18
"Israel",1999,22.91
"Israel",2000,21.9
"Israel",2001,22.82
"Israel",2002,22.81
"Israel",2003,23.32
"Israel",2004,22.43
"Israel",2005,21.84
"Israel",2006,21.11
"Israel",2007,21.8
"Israel",2008,20.37
"Israel",2009,21.5
"Israel",2010,20.48
"Israel",2011,19.4
"Israel",2012,19.85
"Israel",2013,19.9
"Israel",2014,19.39
"Israel",2015,19.18
"Italy",1991,29.14
"Italy",1992,28.52
"Italy",1993,28.31
"Italy",1994,27.15
"Italy",1995,24.8
"Italy",1996,24.18
"Italy",1997,25.13
"Italy",1998,24.14
"Italy",1999,24.54
"Italy",2000,22.7
"Italy",2001,23.55
"Italy",2002,23.46
"Italy",2003,24.28
"Italy",2004,24.17
"Italy",2005,24.62
"Italy",2006,23.81
"Italy",2007,22.43
"Italy",2008,23.51
"Italy",2009,27.31
"Italy",2010,26.13
"Italy",2011,24.54
"Italy",2012,25.53
"Italy",2013,24.49
"Italy",2014,24.33
"Italy",2015,22.97
"Jamaica",1991,36.02
"Jamaica",1992,32.72
"Jamaica",1993,32.76
"Jamaica",1994,31.25
"Jamaica",1995,31.18
"Jamaica",1996,33.89
"Jamaica",1997,36.11
"Jamaica",1998,34.82
"Jamaica",1999,35.76
"Jamaica",2000,36.4
"Jamaica",2001,35.23
"Jamaica",2002,35.76
"Jamaica",2003,34.57
"Jamaica",2004,32.2
"Jamaica",2005,33.19
"Jamaica",2006,30.71
"Jamaica",2007,30.61
"Jamaica",2008,30.42
"Jamaica",2009,35.55
"Jamaica",2010,36.92
"Jamaica",2011,35.43
"Jamaica",2012,36.28
"Jamaica",2013,26.49
"Jamaica",2014,26.33
"Jamaica",2015,24.97
"Japan",1991,10.35
"Japan",1992,10.46
"Japan",1993,10.67
"Japan",1994,10.8
"Japan",1995,10.85
"Japan",1996,10.72
"Japan",1997,10.61
"Japan",1998,10.91
"Japan",1999,11.22
"Japan",2000,11.2
"Japan",2001,11.31
"Japan",2002,11.79
"Japan",2003,11.57
"Japan",2004,11.09
"Japan",2005,10.91
"Japan",2006,10.35
"Japan",2007,10.14
"Japan",2008,9.21
"Japan",2009,10.39
"Japan",2010,9.93
"Japan",2011,9.89
"Japan",2012,9.73
"Japan",2013,9.28
"Japan",2014,8.69
"Japan",2015,8.19
"Jordan",1991,21.12
"Jordan",1992,19.75
"Jordan",1993,20.27
"Jordan",1994,20.58
"Jordan",1995,19.81
"Jordan",1996,19.91
"Jordan",1997,19.92
"Jordan",1998,19.93
"Jordan",1999,19.76
"Jordan",2000,19.4
"Jordan",2001,19.29
"Jordan",2002,19.34
"Jordan",2003,18.26
"Jordan",2004,16.09
"Jordan",2005,14.91
"Jordan",2006,14.71
"Jordan",2007,13.66
"Jordan",2008,13.44
"Jordan",2009,14.91
"Jordan",2010,14.96
"Jordan",2011,15.38
"Jordan",2012,15
"Jordan",2013,14.64
"Jordan",2014,14.2
"Jordan",2015,15.16
"Kazakhstan",1991,43.62
"Kazakhstan",1992,43.41
"Kazakhstan",1993,44.49
"Kazakhstan",1994,42.63
"Kazakhstan",1995,46.08
"Kazakhstan",1996,47.35
"Kazakhstan",1997,45.99
"Kazakhstan",1998,45.66
"Kazakhstan",1999,44.61
"Kazakhstan",2000,43.2
"Kazakhstan",2001,42.73
"Kazakhstan",2002,40.89
"Kazakhstan",2003,39.58
"Kazakhstan",2004,38.41
"Kazakhstan",2005,36.39
"Kazakhstan",2006,35.12
"Kazakhstan",2007,34.21
"Kazakhstan",2008,32.66
"Kazakhstan",2009,34.65
"Kazakhstan",2010,33.03
"Kazakhstan",2011,31.61
"Kazakhstan",2012,31.92
"Kazakhstan",2013,30.77
"Kazakhstan",2014,30.06
"Kazakhstan",2015,32.82
"Kenya",1991,34.75
"Kenya",1992,35.01
"Kenya",1993,31.63
"Kenya",1994,32.21
"Kenya",1995,31.68
"Kenya",1996,34.08
"Kenya",1997,34.68
"Kenya",1998,36.24
"Kenya",1999,35.46
"Kenya",2000,34.3
"Kenya",2001,34.45
"Kenya",2002,35.34
"Kenya",2003,35.92
"Kenya",2004,34.64
"Kenya",2005,33.32
"Kenya",2006,32.27
"Kenya",2007,33.35
"Kenya",2008,32.93
"Kenya",2009,33.62
"Kenya",2010,31.54
"Kenya",2011,29.92
"Kenya",2012,30.11
"Kenya",2013,29.99
"Kenya",2014,28.68
"Kenya",2015,33.43
"South Korea",1991,29.13
"South Korea",1992,29.23
"South Korea",1993,29.14
"South Korea",1994,28.35
"South Korea",1995,27.48
"South Korea",1996,28.03
"South Korea",1997,26.97
"South Korea",1998,30.04
"South Korea",1999,28.49
"South Korea",2000,27.5
"South Korea",2001,27.37
"South Korea",2002,26.76
"South Korea",2003,27.41
"South Korea",2004,26.23
"South Korea",2005,26.03
"South Korea",2006,26.37
"South Korea",2007,24.89
"South Korea",2008,23.86
"South Korea",2009,23.13
"South Korea",2010,22.97
"South Korea",2011,20.81
"South Korea",2012,20.96
"South Korea",2013,21.27
"South Korea",2014,20.36
"South Korea",2015,19.83
"Kuwait",1991,18.55
"Kuwait",1992,21.4
"Kuwait",1993,20.35
"Kuwait",1994,19.83
"Kuwait",1995,19.39
"Kuwait",1996,19.03
"Kuwait",1997,19.18
"Kuwait",1998,19.22
"Kuwait",1999,20.66
"Kuwait",2000,20.1
"Kuwait",2001,20.67
"Kuwait",2002,20.91
"Kuwait",2003,18.79
"Kuwait",2004,17.63
"Kuwait",2005,16.33
"Kuwait",2006,15.85
"Kuwait",2007,15.71
"Kuwait",2008,16.45
"Kuwait",2009,18.98
"Kuwait",2010,19.75
"Kuwait",2011,19.81
"Kuwait",2012,19.86
"Kuwait",2013,20.55
"Kuwait",2014,22.07
"Kuwait",2015,21.72
"Kyrgyz Republic",1991,35.75
"Kyrgyz Republic",1992,38.76
"Kyrgyz Republic",1993,41.83
"Kyrgyz Republic",1994,44.44
"Kyrgyz Republic",1995,45.93
"Kyrgyz Republic",1996,43.02
"Kyrgyz Republic",1997,41.83
"Kyrgyz Republic",1998,41.65
"Kyrgyz Republic",1999,41.94
"Kyrgyz Republic",2000,41.2
"Kyrgyz Republic",2001,40.35
"Kyrgyz Republic",2002,43
"Kyrgyz Republic",2003,39.05
"Kyrgyz Republic",2004,37.73
"Kyrgyz Republic",2005,38.04
"Kyrgyz Republic",2006,37.52
"Kyrgyz Republic",2007,34.72
"Kyrgyz Republic",2008,33.34
"Kyrgyz Republic",2009,34.1
"Kyrgyz Republic",2010,34.32
"Kyrgyz Republic",2011,33.06
"Kyrgyz Republic",2012,34.26
"Kyrgyz Republic",2013,31.35
"Kyrgyz Republic",2014,29.95
"Kyrgyz Republic",2015,30.78
"Laos",1991,36.16
"Laos",1992,35.88
"Laos",1993,35.62
"Laos",1994,35.02
"Laos",1995,35
"Laos",1996,33.96
"Laos",1997,33.7
"Laos",1998,32.1
"Laos",1999,32.04
"Laos",2000,30.6
"Laos",2001,30.66
"Laos",2002,30.8
"Laos",2003,31.33
"Laos",2004,30.35
"Laos",2005,29.31
"Laos",2006,28.08
"Laos",2007,27.52
"Laos",2008,27.37
"Laos",2009,28.33
"Laos",2010,26.53
"Laos",2011,25.78
"Laos",2012,25.29
"Laos",2013,25.73
"Laos",2014,24.1
"Laos",2015,25
"Latvia",1991,20.07
"Latvia",1992,24.44
"Latvia",1993,25.29
"Latvia",1994,24.79
"Latvia",1995,28.65
"Latvia",1996,28.07
"Latvia",1997,26.96
"Latvia",1998,27.44
"Latvia",1999,27.07
"Latvia",2000,26.7
"Latvia",2001,25.18
"Latvia",2002,25.12
"Latvia",2003,23.71
"Latvia",2004,22.05
"Latvia",2005,19.93
"Latvia",2006,18.13
"Latvia",2007,17.04
"Latvia",2008,18.27
"Latvia",2009,21.16
"Latvia",2010,20.41
"Latvia",2011,18.67
"Latvia",2012,17.32
"Latvia",2013,16.68
"Latvia",2014,15.92
"Latvia",2015,16.62
"Lebanon",1991,36.68
"Lebanon",1992,35.85
"Lebanon",1993,34.93
"Lebanon",1994,33.96
"Lebanon",1995,33.03
"Lebanon",1996,32.23
"Lebanon",1997,33.07
"Lebanon",1998,33.27
"Lebanon",1999,34.54
"Lebanon",2000,34.1
"Lebanon",2001,34.47
"Lebanon",2002,34.23
"Lebanon",2003,34.79
"Lebanon",2004,31.71
"Lebanon",2005,32.1
"Lebanon",2006,33.05
"Lebanon",2007,31.39
"Lebanon",2008,28.09
"Lebanon",2009,26.02
"Lebanon",2010,24.63
"Lebanon",2011,25.51
"Lebanon",2012,25.67
"Lebanon",2013,27.96
"Lebanon",2014,29.06
"Lebanon",2015,29.16
"Lesotho",1991,35.12
"Lesotho",1992,35.37
"Lesotho",1993,35.76
"Lesotho",1994,34.37
"Lesotho",1995,35.17
"Lesotho",1996,32.57
"Lesotho",1997,34.58
"Lesotho",1998,32.02
"Lesotho",1999,32.97
"Lesotho",2000,31.3
"Lesotho",2001,31.51
"Lesotho",2002,29.85
"Lesotho",2003,30.58
"Lesotho",2004,31.05
"Lesotho",2005,31.86
"Lesotho",2006,30.89
"Lesotho",2007,30.07
"Lesotho",2008,28.68
"Lesotho",2009,29.85
"Lesotho",2010,28.81
"Lesotho",2011,28.2
"Lesotho",2012,27.79
"Lesotho",2013,26.71
"Lesotho",2014,24.56
"Lesotho",2015,32.32
"Liberia",1991,42.08
"Liberia",1992,43.89
"Liberia",1993,44.7
"Liberia",1994,45.25
"Liberia",1995,45.55
"Liberia",1996,46.67
"Liberia",1997,45.12
"Liberia",1998,45.95
"Liberia",1999,44.64
"Liberia",2000,43.2
"Liberia",2001,42.23
"Liberia",2002,41.84
"Liberia",2003,43.02
"Liberia",2004,41.31
"Liberia",2005,42.47
"Liberia",2006,39.95
"Liberia",2007,42.71
"Liberia",2008,43.09
"Liberia",2009,43.45
"Liberia",2010,41.57
"Liberia",2011,41.52
"Liberia",2012,42.23
"Liberia",2013,42.37
"Liberia",2014,42.45
"Liberia",2015,43.67
"Libya",1991,34.24
"Libya",1992,36.22
"Libya",1993,35.75
"Libya",1994,35.07
"Libya",1995,34.68
"Libya",1996,36.26
"Libya",1997,36.26
"Libya",1998,38.21
"Libya",1999,36.2
"Libya",2000,35.1
"Libya",2001,36.24
"Libya",2002,34.94
"Libya",2003,31.83
"Libya",2004,31.29
"Libya",2005,29.51
"Libya",2006,28.3
"Libya",2007,27.02
"Libya",2008,25.86
"Libya",2009,27.88
"Libya",2010,27.05
"Libya",2011,38.76
"Libya",2012,32.79
"Libya",2013,34.75
"Libya",2014,37.91
"Libya",2015,38.27
"Lithuania",1991,21.15
"Lithuania",1992,23.78
"Lithuania",1993,26.36
"Lithuania",1994,28.76
"Lithuania",1995,32.49
"Lithuania",1996,32.22
"Lithuania",1997,30.9
"Lithuania",1998,31.27
"Lithuania",1999,30.88
"Lithuania",2000,31.1
"Lithuania",2001,29.31
"Lithuania",2002,28.45
"Lithuania",2003,27.01
"Lithuania",2004,25.69
"Lithuania",2005,23.88
"Lithuania",2006,22.38
"Lithuania",2007,20.58
"Lithuania",2008,20.28
"Lithuania",2009,24.29
"Lithuania",2010,23.13
"Lithuania",2011,20.86
"Lithuania",2012,19.32
"Lithuania",2013,18.3
"Lithuania",2014,17.62
"Lithuania",2015,18.65
"Luxembourg",1991,11.07
"Luxembourg",1992,11.43
"Luxembourg",1993,11.37
"Luxembourg",1994,11.24
"Luxembourg",1995,11.4
"Luxembourg",1996,11.97
"Luxembourg",1997,11.38
"Luxembourg",1998,10.9
"Luxembourg",1999,10.37
"Luxembourg",2000,9.8
"Luxembourg",2001,10.18
"Luxembourg",2002,10.32
"Luxembourg",2003,10.71
"Luxembourg",2004,10.67
"Luxembourg",2005,10.72
"Luxembourg",2006,10.33
"Luxembourg",2007,9.37
"Luxembourg",2008,9.65
"Luxembourg",2009,11.01
"Luxembourg",2010,10.37
"Luxembourg",2011,10.34
"Luxembourg",2012,10.8
"Luxembourg",2013,10.65
"Luxembourg",2014,10.39
"Luxembourg",2015,10.38
"Madagascar",1991,40.4
"Madagascar",1992,41.06
"Madagascar",1993,41.06
"Madagascar",1994,41.22
"Madagascar",1995,40.9
"Madagascar",1996,44.34
"Madagascar",1997,41.95
"Madagascar",1998,41.67
"Madagascar",1999,40.21
"Madagascar",2000,39.6
"Madagascar",2001,41.16
"Madagascar",2002,47.41
"Madagascar",2003,45.47
"Madagascar",2004,39.87
"Madagascar",2005,40.98
"Madagascar",2006,41.34
"Madagascar",2007,42.68
"Madagascar",2008,38.7
"Madagascar",2009,43.33
"Madagascar",2010,44.98
"Madagascar",2011,45.02
"Madagascar",2012,44.3
"Madagascar",2013,46.27
"Madagascar",2014,44.84
"Madagascar",2015,45.29
"Malawi",1991,39.4
"Malawi",1992,40.32
"Malawi",1993,40.19
"Malawi",1994,43.66
"Malawi",1995,39.25
"Malawi",1996,39.91
"Malawi",1997,40.17
"Malawi",1998,38.55
"Malawi",1999,37.52
"Malawi",2000,40.3
"Malawi",2001,40.34
"Malawi",2002,41.99
"Malawi",2003,39.41
"Malawi",2004,38.76
"Malawi",2005,38.76
"Malawi",2006,39.4
"Malawi",2007,37.34
"Malawi",2008,36.75
"Malawi",2009,38.01
"Malawi",2010,36.39
"Malawi",2011,37.29
"Malawi",2012,36.05
"Malawi",2013,35.09
"Malawi",2014,34.28
"Malawi",2015,33.56
"Malaysia",1991,37.47
"Malaysia",1992,37.3
"Malaysia",1993,36.79
"Malaysia",1994,35.04
"Malaysia",1995,33.22
"Malaysia",1996,30.58
"Malaysia",1997,30.37
"Malaysia",1998,32.1
"Malaysia",1999,31.63
"Malaysia",2000,31.1
"Malaysia",2001,32.27
"Malaysia",2002,32.65
"Malaysia",2003,32.03
"Malaysia",2004,30.59
"Malaysia",2005,29.77
"Malaysia",2006,29.21
"Malaysia",2007,31.23
"Malaysia",2008,30.03
"Malaysia",2009,31.71
"Malaysia",2010,30.17
"Malaysia",2011,29.82
"Malaysia",2012,29.78
"Malaysia",2013,29.84
"Malaysia",2014,26.41
"Malaysia",2015,26.07
"Maldives",1991,28.11
"Maldives",1992,28.29
"Maldives",1993,27.35
"Maldives",1994,26.75
"Maldives",1995,31.5
"Maldives",1996,30.21
"Maldives",1997,30.98
"Maldives",1998,30.22
"Maldives",1999,30.6
"Maldives",2000,30.3
"Maldives",2001,29.39
"Maldives",2002,28.93
"Maldives",2003,27.73
"Maldives",2004,26.83
"Maldives",2005,27.82
"Maldives",2006,30.09
"Maldives",2007,27.92
"Maldives",2008,24.85
"Maldives",2009,25.8
"Maldives",2010,25.28
"Maldives",2011,24.39
"Maldives",2012,24.49
"Maldives",2013,24.21
"Maldives",2014,23.41
"Maldives",2015,20.65
"Mali",1991,44.15
"Mali",1992,45.15
"Mali",1993,45.28
"Mali",1994,42.78
"Mali",1995,43.4
"Mali",1996,43.36
"Mali",1997,41.1
"Mali",1998,44.71
"Mali",1999,42.22
"Mali",2000,42.3
"Mali",2001,39.63
"Mali",2002,39.7
"Mali",2003,38.1
"Mali",2004,41
"Mali",2005,39.04
"Mali",2006,36.21
"Mali",2007,36.86
"Mali",2008,35.08
"Mali",2009,36.67
"Mali",2010,33.28
"Mali",2011,34.22
"Mali",2012,31.49
"Mali",2013,31.4
"Mali",2014,30.88
"Mali",2015,29.45
"Malta",1991,31.54
"Malta",1992,30.61
"Malta",1993,31.4
"Malta",1994,31.03
"Malta",1995,30.88
"Malta",1996,33.12
"Malta",1997,31.65
"Malta",1998,30.61
"Malta",1999,29.72
"Malta",2000,27.1
"Malta",2001,30.66
"Malta",2002,30.15
"Malta",2003,30.99
"Malta",2004,31.92
"Malta",2005,30.84
"Malta",2006,28.69
"Malta",2007,26.96
"Malta",2008,27.3
"Malta",2009,30.55
"Malta",2010,29.19
"Malta",2011,28.06
"Malta",2012,27.25
"Malta",2013,27.15
"Malta",2014,28.08
"Malta",2015,29.43
"Mauritania",1991,36
"Mauritania",1992,36.59
"Mauritania",1993,35.26
"Mauritania",1994,36.38
"Mauritania",1995,33.39
"Mauritania",1996,31.8
"Mauritania",1997,35.57
"Mauritania",1998,36.45
"Mauritania",1999,36.09
"Mauritania",2000,36.1
"Mauritania",2001,37.39
"Mauritania",2002,38.57
"Mauritania",2003,38.27
"Mauritania",2004,36.5
"Mauritania",2005,33.26
"Mauritania",2006,27.78
"Mauritania",2007,27.81
"Mauritania",2008,28.67
"Mauritania",2009,29.9
"Mauritania",2010,28.39
"Mauritania",2011,27.03
"Mauritania",2012,25.42
"Mauritania",2013,24.45
"Mauritania",2014,24.38
"Mauritania",2015,25.75
"Mauritius",1991,25.83
"Mauritius",1992,25.61
"Mauritius",1993,25.94
"Mauritius",1994,26.19
"Mauritius",1995,25.86
"Mauritius",1996,25.43
"Mauritius",1997,24.12
"Mauritius",1998,22.9
"Mauritius",1999,24.01
"Mauritius",2000,23.1
"Mauritius",2001,21.67
"Mauritius",2002,22.14
"Mauritius",2003,22.66
"Mauritius",2004,23.06
"Mauritius",2005,23.05
"Mauritius",2006,22.49
"Mauritius",2007,20.85
"Mauritius",2008,19.24
"Mauritius",2009,21.18
"Mauritius",2010,20.83
"Mauritius",2011,19.67
"Mauritius",2012,19.24
"Mauritius",2013,20.28
"Mauritius",2014,19.62
"Mauritius",2015,19.23
"Mexico",1991,33.06
"Mexico",1992,33.53
"Mexico",1993,36.34
"Mexico",1994,35.81
"Mexico",1995,38.25
"Mexico",1996,36.63
"Mexico",1997,33.7
"Mexico",1998,32.62
"Mexico",1999,31.44
"Mexico",2000,30.1
"Mexico",2001,31.2
"Mexico",2002,30.99
"Mexico",2003,30.84
"Mexico",2004,29.81
"Mexico",2005,29.47
"Mexico",2006,28.53
"Mexico",2007,30.65
"Mexico",2008,29.82
"Mexico",2009,32.65
"Mexico",2010,31.15
"Mexico",2011,30.25
"Mexico",2012,29.52
"Mexico",2013,30.05
"Mexico",2014,29.14
"Mexico",2015,28.07
"Moldova",1991,38.89
"Moldova",1992,43.96
"Moldova",1993,44.53
"Moldova",1994,48.96
"Moldova",1995,49.08
"Moldova",1996,47.1
"Moldova",1997,44.2
"Moldova",1998,42.98
"Moldova",1999,46.3
"Moldova",2000,45.1
"Moldova",2001,45.23
"Moldova",2002,46.53
"Moldova",2003,45.5
"Moldova",2004,42.9
"Moldova",2005,41.6
"Moldova",2006,43.84
"Moldova",2007,41.5
"Moldova",2008,40.89
"Moldova",2009,45.06
"Moldova",2010,43.52
"Moldova",2011,41.05
"Moldova",2012,40.84
"Moldova",2013,39.26
"Moldova",2014,37.35
"Moldova",2015,39.68
"Mongolia",1991,18.83
"Mongolia",1992,20.65
"Mongolia",1993,19.53
"Mongolia",1994,21.12
"Mongolia",1995,20.12
"Mongolia",1996,19.54
"Mongolia",1997,19.15
"Mongolia",1998,18.81
"Mongolia",1999,18.87
"Mongolia",2000,18.4
"Mongolia",2001,18.88
"Mongolia",2002,18.01
"Mongolia",2003,17.68
"Mongolia",2004,17.31
"Mongolia",2005,17.22
"Mongolia",2006,16.77
"Mongolia",2007,16.89
"Mongolia",2008,15.9
"Mongolia",2009,16.37
"Mongolia",2010,16.35
"Mongolia",2011,13.69
"Mongolia",2012,13.69
"Mongolia",2013,13.04
"Mongolia",2014,12.02
"Mongolia",2015,13.2
"Morocco",1991,36.59
"Morocco",1992,38.18
"Morocco",1993,40.33
"Morocco",1994,38.96
"Morocco",1995,40.42
"Morocco",1996,35.91
"Morocco",1997,38.68
"Morocco",1998,35.7
"Morocco",1999,37.28
"Morocco",2000,36.4
"Morocco",2001,36.48
"Morocco",2002,35.25
"Morocco",2003,34.72
"Morocco",2004,33.92
"Morocco",2005,34.3
"Morocco",2006,32.27
"Morocco",2007,30.94
"Morocco",2008,28.68
"Morocco",2009,30.93
"Morocco",2010,29.37
"Morocco",2011,28.98
"Morocco",2012,29.83
"Morocco",2013,29.79
"Morocco",2014,29.18
"Morocco",2015,27.13
"Mozambique",1991,43.14
"Mozambique",1992,44.97
"Mozambique",1993,44.79
"Mozambique",1994,46.87
"Mozambique",1995,42.39
"Mozambique",1996,41.06
"Mozambique",1997,40.67
"Mozambique",1998,41.11
"Mozambique",1999,40.14
"Mozambique",2000,40.3
"Mozambique",2001,39.03
"Mozambique",2002,36.57
"Mozambique",2003,36.6
"Mozambique",2004,36.36
"Mozambique",2005,35.16
"Mozambique",2006,34.26
"Mozambique",2007,33.53
"Mozambique",2008,33.16
"Mozambique",2009,32.84
"Mozambique",2010,31.5
"Mozambique",2011,31.37
"Mozambique",2012,30.13
"Mozambique",2013,31.46
"Mozambique",2014,31.71
"Mozambique",2015,30.98
"Myanmar",1991,63.83
"Myanmar",1992,61.85
"Myanmar",1993,61.55
"Myanmar",1994,60.53
"Myanmar",1995,59.12
"Myanmar",1996,58.63
"Myanmar",1997,57.67
"Myanmar",1998,57.77
"Myanmar",1999,53.59
"Myanmar",2000,52.6
"Myanmar",2001,49.77
"Myanmar",2002,47.66
"Myanmar",2003,43.64
"Myanmar",2004,43.91
"Myanmar",2005,39.86
"Myanmar",2006,48.41
"Myanmar",2007,46.38
"Myanmar",2008,48.89
"Myanmar",2009,49.3
"Myanmar",2010,48.6
"Myanmar",2011,47.56
"Myanmar",2012,45.49
"Myanmar",2013,43.93
"Myanmar",2014,43.3
"Myanmar",2015,50.99
"Namibia",1991,31.84
"Namibia",1992,31.86
"Namibia",1993,32.12
"Namibia",1994,31.96
"Namibia",1995,32.09
"Namibia",1996,31.57
"Namibia",1997,31.89
"Namibia",1998,31.45
"Namibia",1999,31.88
"Namibia",2000,31.4
"Namibia",2001,31.32
"Namibia",2002,29.14
"Namibia",2003,28.82
"Namibia",2004,28.68
"Namibia",2005,28.21
"Namibia",2006,26
"Namibia",2007,25.11
"Namibia",2008,23.96
"Namibia",2009,24.54
"Namibia",2010,24.79
"Namibia",2011,23.46
"Namibia",2012,22.85
"Namibia",2013,22.85
"Namibia",2014,22.23
"Namibia",2015,21.78
"Nepal",1991,43.39
"Nepal",1992,40.59
"Nepal",1993,40.88
"Nepal",1994,39.15
"Nepal",1995,39.97
"Nepal",1996,40.59
"Nepal",1997,39.59
"Nepal",1998,38.68
"Nepal",1999,38.04
"Nepal",2000,36.8
"Nepal",2001,37.2
"Nepal",2002,37.71
"Nepal",2003,37.35
"Nepal",2004,36.86
"Nepal",2005,37.6
"Nepal",2006,36.24
"Nepal",2007,36.59
"Nepal",2008,37.09
"Nepal",2009,38.02
"Nepal",2010,36.48
"Nepal",2011,35.7
"Nepal",2012,35.98
"Nepal",2013,33.46
"Nepal",2014,33.42
"Nepal",2015,30.22
"Nicaragua",1991,44.54
"Nicaragua",1992,44.75
"Nicaragua",1993,44.82
"Nicaragua",1994,44.71
"Nicaragua",1995,44.74
"Nicaragua",1996,42.7
"Nicaragua",1997,42.99
"Nicaragua",1998,43.01
"Nicaragua",1999,43.23
"Nicaragua",2000,45.2
"Nicaragua",2001,43.76
"Nicaragua",2002,43.5
"Nicaragua",2003,43.68
"Nicaragua",2004,43.72
"Nicaragua",2005,41.78
"Nicaragua",2006,42.11
"Nicaragua",2007,41.4
"Nicaragua",2008,41.79
"Nicaragua",2009,42.91
"Nicaragua",2010,42.76
"Nicaragua",2011,40.9
"Nicaragua",2012,40.12
"Nicaragua",2013,38.47
"Nicaragua",2014,38.58
"Nicaragua",2015,39.51
"Niger",1991,38.66
"Niger",1992,43.09
"Niger",1993,42.7
"Niger",1994,41.65
"Niger",1995,40.8
"Niger",1996,40.23
"Niger",1997,41.28
"Niger",1998,39.04
"Niger",1999,42
"Niger",2000,41.9
"Niger",2001,40.06
"Niger",2002,40.25
"Niger",2003,41.63
"Niger",2004,42.76
"Niger",2005,42.33
"Niger",2006,40.95
"Niger",2007,41.45
"Niger",2008,39.27
"Niger",2009,38.94
"Niger",2010,35.85
"Niger",2011,36.51
"Niger",2012,35.77
"Niger",2013,35.48
"Niger",2014,35.74
"Niger",2015,34.12
"Nigeria",1991,56.95
"Nigeria",1992,58.17
"Nigeria",1993,58.82
"Nigeria",1994,66.61
"Nigeria",1995,62.21
"Nigeria",1996,61.09
"Nigeria",1997,60.69
"Nigeria",1998,62.33
"Nigeria",1999,59.87
"Nigeria",2000,57.9
"Nigeria",2001,57.64
"Nigeria",2002,59.93
"Nigeria",2003,57.19
"Nigeria",2004,56.72
"Nigeria",2005,55.84
"Nigeria",2006,51.95
"Nigeria",2007,54.96
"Nigeria",2008,53.06
"Nigeria",2009,53.98
"Nigeria",2010,52.8
"Nigeria",2011,51.51
"Nigeria",2012,51.56
"Nigeria",2013,51.7
"Nigeria",2014,50.64
"Nigeria",2015,52.49
"Norway",1991,16.25
"Norway",1992,17.3
"Norway",1993,17.17
"Norway",1994,16.35
"Norway",1995,15.77
"Norway",1996,14.84
"Norway",1997,13.44
"Norway",1998,13.77
"Norway",1999,14.04
"Norway",2000,12.7
"Norway",2001,12.73
"Norway",2002,15.2
"Norway",2003,15.42
"Norway",2004,13.52
"Norway",2005,12.9
"Norway",2006,11.29
"Norway",2007,11.03
"Norway",2008,10.47
"Norway",2009,14.37
"Norway",2010,14.05
"Norway",2011,13.63
"Norway",2012,13.32
"Norway",2013,13.64
"Norway",2014,13.35
"Norway",2015,15.07
"Oman",1991,23.41
"Oman",1992,22.56
"Oman",1993,22.42
"Oman",1994,22.42
"Oman",1995,21.99
"Oman",1996,20.72
"Oman",1997,20.11
"Oman",1998,19.88
"Oman",1999,20.04
"Oman",2000,18.9
"Oman",2001,18.82
"Oman",2002,19.82
"Oman",2003,20.17
"Oman",2004,19.9
"Oman",2005,20.38
"Oman",2006,19.55
"Oman",2007,18.18
"Oman",2008,15.52
"Oman",2009,16.83
"Oman",2010,16.76
"Oman",2011,17.65
"Oman",2012,18.25
"Oman",2013,19.07
"Oman",2014,21.07
"Oman",2015,23.91
"Pakistan",1991,37.55
"Pakistan",1992,34.92
"Pakistan",1993,34.4
"Pakistan",1994,34.9
"Pakistan",1995,34.48
"Pakistan",1996,32.81
"Pakistan",1997,34.58
"Pakistan",1998,34.63
"Pakistan",1999,35.35
"Pakistan",2000,36.8
"Pakistan",2001,35.12
"Pakistan",2002,34.97
"Pakistan",2003,33.58
"Pakistan",2004,33.87
"Pakistan",2005,31.19
"Pakistan",2006,30.94
"Pakistan",2007,30.84
"Pakistan",2008,30.49
"Pakistan",2009,31.28
"Pakistan",2010,30.28
"Pakistan",2011,30.91
"Pakistan",2012,31.12
"Pakistan",2013,30.62
"Pakistan",2014,30.29
"Pakistan",2015,31.62
"Papua New Guinea",1991,41.96
"Papua New Guinea",1992,38.86
"Papua New Guinea",1993,34.34
"Papua New Guinea",1994,32.09
"Papua New Guinea",1995,33.64
"Papua New Guinea",1996,30.63
"Papua New Guinea",1997,35.36
"Papua New Guinea",1998,34.44
"Papua New Guinea",1999,34.63
"Papua New Guinea",2000,36.1
"Papua New Guinea",2001,36.43
"Papua New Guinea",2002,37.08
"Papua New Guinea",2003,37.34
"Papua New Guinea",2004,35.67
"Papua New Guinea",2005,37.81
"Papua New Guinea",2006,37.24
"Papua New Guinea",2007,35.29
"Papua New Guinea",2008,35.14
"Papua New Guinea",2009,33.83
"Papua New Guinea",2010,32.2
"Papua New Guinea",2011,28.49
"Papua New Guinea",2012,27.07
"Papua New Guinea",2013,26.32
"Papua New Guinea",2014,23.25
"Papua New Guinea",2015,35.16
"Paraguay",1991,34.63
"Paraguay",1992,35.39
"Paraguay",1993,33.95
"Paraguay",1994,32.29
"Paraguay",1995,30.67
"Paraguay",1996,32.67
"Paraguay",1997,34.54
"Paraguay",1998,34.87
"Paraguay",1999,37.79
"Paraguay",2000,39.8
"Paraguay",2001,39.65
"Paraguay",2002,40.32
"Paraguay",2003,37.6
"Paraguay",2004,36.34
"Paraguay",2005,35.42
"Paraguay",2006,35.19
"Paraguay",2007,33.96
"Paraguay",2008,32.34
"Paraguay",2009,36.18
"Paraguay",2010,31.72
"Paraguay",2011,30.65
"Paraguay",2012,33.87
"Paraguay",2013,30.78
"Paraguay",2014,29.42
"Paraguay",2015,31.66
"Peru",1991,59.87
"Peru",1992,59.25
"Peru",1993,61
"Peru",1994,58.5
"Peru",1995,58.52
"Peru",1996,59.63
"Peru",1997,57.08
"Peru",1998,58.23
"Peru",1999,59.94
"Peru",2000,59.9
"Peru",2001,58.47
"Peru",2002,56.43
"Peru",2003,56.65
"Peru",2004,53.5
"Peru",2005,54.68
"Peru",2006,51.36
"Peru",2007,48.83
"Peru",2008,46.08
"Peru",2009,47.7
"Peru",2010,43.04
"Peru",2011,40.42
"Peru",2012,39.73
"Peru",2013,39.53
"Peru",2014,40.18
"Peru",2015,41.53
"Philippines",1991,45.43
"Philippines",1992,45.39
"Philippines",1993,45.53
"Philippines",1994,45.4
"Philippines",1995,45.04
"Philippines",1996,42.21
"Philippines",1997,43.5
"Philippines",1998,43.79
"Philippines",1999,44.43
"Philippines",2000,43.3
"Philippines",2001,43.02
"Philippines",2002,42.16
"Philippines",2003,41.39
"Philippines",2004,39.87
"Philippines",2005,36.5
"Philippines",2006,36.18
"Philippines",2007,36.37
"Philippines",2008,35.08
"Philippines",2009,37.02
"Philippines",2010,34.63
"Philippines",2011,33.9
"Philippines",2012,33.61
"Philippines",2013,31.71
"Philippines",2014,29.3
"Philippines",2015,28.04
"Poland",1991,33.1
"Poland",1992,32.7
"Poland",1993,31.96
"Poland",1994,30.21
"Poland",1995,29.54
"Poland",1996,28.4
"Poland",1997,27.6
"Poland",1998,26.14
"Poland",1999,26.7
"Poland",2000,26.2
"Poland",2001,26.9
"Poland",2002,26.69
"Poland",2003,26.42
"Poland",2004,25.84
"Poland",2005,25.32
"Poland",2006,24.18
"Poland",2007,23.51
"Poland",2008,21.65
"Poland",2009,21.56
"Poland",2010,20.93
"Poland",2011,19.33
"Poland",2012,19.04
"Poland",2013,18.86
"Poland",2014,18.09
"Poland",2015,16.67
"Portugal",1991,23.28
"Portugal",1992,23.66
"Portugal",1993,24.4
"Portugal",1994,24.18
"Portugal",1995,23.62
"Portugal",1996,23.01
"Portugal",1997,22.81
"Portugal",1998,21.88
"Portugal",1999,22.02
"Portugal",2000,21.4
"Portugal",2001,21.79
"Portugal",2002,21.7
"Portugal",2003,22.36
"Portugal",2004,22.26
"Portugal",2005,22.68
"Portugal",2006,22.69
"Portugal",2007,22.05
"Portugal",2008,20.74
"Portugal",2009,21.67
"Portugal",2010,20.79
"Portugal",2011,20.37
"Portugal",2012,20.24
"Portugal",2013,20.38
"Portugal",2014,19.29
"Portugal",2015,17.82
"Qatar",1991,16.41
"Qatar",1992,15.4
"Qatar",1993,15.8
"Qatar",1994,17.65
"Qatar",1995,16.68
"Qatar",1996,18.21
"Qatar",1997,17.02
"Qatar",1998,16.65
"Qatar",1999,17.21
"Qatar",2000,19
"Qatar",2001,18.32
"Qatar",2002,17.74
"Qatar",2003,18.31
"Qatar",2004,16.67
"Qatar",2005,17.25
"Qatar",2006,15.33
"Qatar",2007,15.36
"Qatar",2008,15.39
"Qatar",2009,16.69
"Qatar",2010,14.56
"Qatar",2011,12.72
"Qatar",2012,12.28
"Qatar",2013,12.15
"Qatar",2014,12.31
"Qatar",2015,13.08
"Russian Federation",1991,39.73
"Russian Federation",1992,31.49
"Russian Federation",1993,41.53
"Russian Federation",1994,45.04
"Russian Federation",1995,45.65
"Russian Federation",1996,46.83
"Russian Federation",1997,48.73
"Russian Federation",1998,47.72
"Russian Federation",1999,42.05
"Russian Federation",2000,41.91
"Russian Federation",2001,40.81
"Russian Federation",2002,40.78
"Russian Federation",2003,40.08
"Russian Federation",2004,37.68
"Russian Federation",2005,36.41
"Russian Federation",2006,35.47
"Russian Federation",2007,34.59
"Russian Federation",2008,32.6
"Russian Federation",2009,36.79
"Russian Federation",2010,33.7
"Russian Federation",2011,32.03
"Russian Federation",2012,31.88
"Russian Federation",2013,32.21
"Russian Federation",2014,31.04
"Russian Federation",2015,33.72
"Rwanda",1991,39.72
"Rwanda",1992,39.59
"Rwanda",1993,39.61
"Rwanda",1994,39.91
"Rwanda",1995,41.09
"Rwanda",1996,41.65
"Rwanda",1997,38.69
"Rwanda",1998,40.25
"Rwanda",1999,41.23
"Rwanda",2000,40.3
"Rwanda",2001,41.14
"Rwanda",2002,39.01
"Rwanda",2003,38.52
"Rwanda",2004,36.16
"Rwanda",2005,39.23
"Rwanda",2006,37.79
"Rwanda",2007,35.44
"Rwanda",2008,32.73
"Rwanda",2009,32.48
"Rwanda",2010,31.5
"Rwanda",2011,29.53
"Rwanda",2012,28.47
"Rwanda",2013,27.56
"Rwanda",2014,26.68
"Rwanda",2015,28.05
"Saudi Arabia",1991,18.9
"Saudi Arabia",1992,17.93
"Saudi Arabia",1993,18.07
"Saudi Arabia",1994,17.86
"Saudi Arabia",1995,18.03
"Saudi Arabia",1996,17.98
"Saudi Arabia",1997,18.62
"Saudi Arabia",1998,19.15
"Saudi Arabia",1999,18.22
"Saudi Arabia",2000,18.4
"Saudi Arabia",2001,18.33
"Saudi Arabia",2002,18.79
"Saudi Arabia",2003,17.96
"Saudi Arabia",2004,17.38
"Saudi Arabia",2005,16.63
"Saudi Arabia",2006,16.27
"Saudi Arabia",2007,15.03
"Saudi Arabia",2008,13.76
"Saudi Arabia",2009,15.07
"Saudi Arabia",2010,14.37
"Saudi Arabia",2011,13.97
"Saudi Arabia",2012,13.34
"Saudi Arabia",2013,13.6
"Saudi Arabia",2014,13.88
"Saudi Arabia",2015,14.7
"Senegal",1991,52.64
"Senegal",1992,52.3
"Senegal",1993,53.39
"Senegal",1994,51.6
"Senegal",1995,50.08
"Senegal",1996,52.6
"Senegal",1997,51.87
"Senegal",1998,47.48
"Senegal",1999,45.97
"Senegal",2000,45.1
"Senegal",2001,44.05
"Senegal",2002,41.48
"Senegal",2003,41.95
"Senegal",2004,40
"Senegal",2005,37.74
"Senegal",2006,39.84
"Senegal",2007,37.16
"Senegal",2008,36.06
"Senegal",2009,39.37
"Senegal",2010,38.36
"Senegal",2011,40.2
"Senegal",2012,37.59
"Senegal",2013,37.21
"Senegal",2014,35.91
"Senegal",2015,33.68
"Sierra Leone",1991,38.2
"Sierra Leone",1992,41.77
"Sierra Leone",1993,43.17
"Sierra Leone",1994,43.67
"Sierra Leone",1995,44.51
"Sierra Leone",1996,46.36
"Sierra Leone",1997,46.6
"Sierra Leone",1998,45.96
"Sierra Leone",1999,48.49
"Sierra Leone",2000,48.6
"Sierra Leone",2001,50.14
"Sierra Leone",2002,47.76
"Sierra Leone",2003,45.34
"Sierra Leone",2004,43.88
"Sierra Leone",2005,43.45
"Sierra Leone",2006,42.96
"Sierra Leone",2007,40.92
"Sierra Leone",2008,40.87
"Sierra Leone",2009,40.6
"Sierra Leone",2010,39.34
"Sierra Leone",2011,36.12
"Sierra Leone",2012,32.36
"Sierra Leone",2013,25.69
"Sierra Leone",2014,26.47
"Sierra Leone",2015,34.18
"Singapore",1991,13.69
"Singapore",1992,13.38
"Singapore",1993,13.13
"Singapore",1994,12.56
"Singapore",1995,12.17
"Singapore",1996,12.76
"Singapore",1997,12.26
"Singapore",1998,13.56
"Singapore",1999,12.86
"Singapore",2000,13.1
"Singapore",2001,13.4
"Singapore",2002,13.76
"Singapore",2003,13
"Singapore",2004,11.74
"Singapore",2005,11.13
"Singapore",2006,10.88
"Singapore",2007,11.51
"Singapore",2008,10.72
"Singapore",2009,11.87
"Singapore",2010,10.72
"Singapore",2011,10.13
"Singapore",2012,9.9
"Singapore",2013,10.15
"Singapore",2014,9.9
"Singapore",2015,9.2
"Slovak Republic",1991,17.19
"Slovak Republic",1992,19.45
"Slovak Republic",1993,19.27
"Slovak Republic",1994,18.28
"Slovak Republic",1995,17.92
"Slovak Republic",1996,18.45
"Slovak Republic",1997,17.17
"Slovak Republic",1998,17.85
"Slovak Republic",1999,17.41
"Slovak Republic",2000,17.6
"Slovak Republic",2001,17.23
"Slovak Republic",2002,17.15
"Slovak Republic",2003,16.57
"Slovak Republic",2004,15.37
"Slovak Republic",2005,14.5
"Slovak Republic",2006,13.52
"Slovak Republic",2007,12.15
"Slovak Republic",2008,11.52
"Slovak Republic",2009,13.47
"Slovak Republic",2010,12.84
"Slovak Republic",2011,11.96
"Slovak Republic",2012,11.81
"Slovak Republic",2013,11.75
"Slovak Republic",2014,11.64
"Slovak Republic",2015,11.18
"Slovenia",1991,27.41
"Slovenia",1992,28.59
"Slovenia",1993,29.47
"Slovenia",1994,28.16
"Slovenia",1995,28.17
"Slovenia",1996,27.02
"Slovenia",1997,26.54
"Slovenia",1998,25.01
"Slovenia",1999,25.88
"Slovenia",2000,25.2
"Slovenia",2001,25
"Slovenia",2002,24.5
"Slovenia",2003,24.4
"Slovenia",2004,23.25
"Slovenia",2005,22.7
"Slovenia",2006,20.94
"Slovenia",2007,17.96
"Slovenia",2008,17.58
"Slovenia",2009,22.24
"Slovenia",2010,22.54
"Slovenia",2011,22.18
"Slovenia",2012,22.89
"Slovenia",2013,23.02
"Slovenia",2014,21.49
"Slovenia",2015,20.21
"Solomon Islands",1991,30.6
"Solomon Islands",1992,29.61
"Solomon Islands",1993,29.41
"Solomon Islands",1994,25.84
"Solomon Islands",1995,25.71
"Solomon Islands",1996,24.9
"Solomon Islands",1997,25.79
"Solomon Islands",1998,24.97
"Solomon Islands",1999,27.51
"Solomon Islands",2000,33.4
"Solomon Islands",2001,36.36
"Solomon Islands",2002,37.42
"Solomon Islands",2003,36.16
"Solomon Islands",2004,36.03
"Solomon Islands",2005,36.04
"Solomon Islands",2006,35.32
"Solomon Islands",2007,32.52
"Solomon Islands",2008,30.25
"Solomon Islands",2009,32.56
"Solomon Islands",2010,30.15
"Solomon Islands",2011,27.38
"Solomon Islands",2012,27.08
"Solomon Islands",2013,26.88
"Solomon Islands",2014,27.44
"Solomon Islands",2015,30.89
"South Africa",1991,29.87
"South Africa",1992,31.12
"South Africa",1993,31.25
"South Africa",1994,29.84
"South Africa",1995,27.66
"South Africa",1996,29.05
"South Africa",1997,28.68
"South Africa",1998,28.62
"South Africa",1999,29.19
"South Africa",2000,28.4
"South Africa",2001,27.78
"South Africa",2002,27.64
"South Africa",2003,28.15
"South Africa",2004,26.58
"South Africa",2005,25.44
"South Africa",2006,21.33
"South Africa",2007,21.81
"South Africa",2008,20.35
"South Africa",2009,23.41
"South Africa",2010,23.23
"South Africa",2011,22.08
"South Africa",2012,22.2
"South Africa",2013,21.47
"South Africa",2014,21.33
"South Africa",2015,21.99
"Spain",1991,27.49
"Spain",1992,28.04
"Spain",1993,28.69
"Spain",1994,27.98
"Spain",1995,27.37
"Spain",1996,26.13
"Spain",1997,25.96
"Spain",1998,24.78
"Spain",1999,24.47
"Spain",2000,22.7
"Spain",2001,23.02
"Spain",2002,23.13
"Spain",2003,23.05
"Spain",2004,23.47
"Spain",2005,23.32
"Spain",2006,22.96
"Spain",2007,22.67
"Spain",2008,21.53
"Spain",2009,24.24
"Spain",2010,23.91
"Spain",2011,23.65
"Spain",2012,24.08
"Spain",2013,24.35
"Spain",2014,24.04
"Spain",2015,22.01
"Sri Lanka",1991,52.94
"Sri Lanka",1992,51.87
"Sri Lanka",1993,50.43
"Sri Lanka",1994,49.94
"Sri Lanka",1995,50.22
"Sri Lanka",1996,48.67
"Sri Lanka",1997,48.28
"Sri Lanka",1998,47.07
"Sri Lanka",1999,46.3
"Sri Lanka",2000,44.6
"Sri Lanka",2001,46.29
"Sri Lanka",2002,46.85
"Sri Lanka",2003,46.19
"Sri Lanka",2004,45.63
"Sri Lanka",2005,45.93
"Sri Lanka",2006,46.17
"Sri Lanka",2007,47.55
"Sri Lanka",2008,46.35
"Sri Lanka",2009,48.85
"Sri Lanka",2010,41.88
"Sri Lanka",2011,39.33
"Sri Lanka",2012,37.53
"Sri Lanka",2013,38.14
"Sri Lanka",2014,37.02
"Sri Lanka",2015,35.49
"Suriname",1991,36.49
"Suriname",1992,38.08
"Suriname",1993,39.36
"Suriname",1994,38.26
"Suriname",1995,37.6
"Suriname",1996,39.11
"Suriname",1997,37.28
"Suriname",1998,37.94
"Suriname",1999,38.13
"Suriname",2000,39.8
"Suriname",2001,36.42
"Suriname",2002,36.36
"Suriname",2003,35.31
"Suriname",2004,33.21
"Suriname",2005,31.42
"Suriname",2006,29.6
"Suriname",2007,27.57
"Suriname",2008,26.38
"Suriname",2009,26.89
"Suriname",2010,25.18
"Suriname",2011,23
"Suriname",2012,23.14
"Suriname",2013,22.46
"Suriname",2014,22.65
"Suriname",2015,23.8
"Swaziland",1991,43.99
"Swaziland",1992,42.74
"Swaziland",1993,44.13
"Swaziland",1994,43.61
"Swaziland",1995,41.48
"Swaziland",1996,41.42
"Swaziland",1997,43.7
"Swaziland",1998,42.81
"Swaziland",1999,42.55
"Swaziland",2000,41.4
"Swaziland",2001,39.55
"Swaziland",2002,38.44
"Swaziland",2003,37.55
"Swaziland",2004,39.19
"Swaziland",2005,38.69
"Swaziland",2006,38.02
"Swaziland",2007,38.27
"Swaziland",2008,38.48
"Swaziland",2009,38.17
"Swaziland",2010,38.97
"Swaziland",2011,40.28
"Swaziland",2012,36.44
"Swaziland",2013,35.57
"Swaziland",2014,34.73
"Swaziland",2015,40.94
"Sweden",1991,15.54
"Sweden",1992,17.01
"Sweden",1993,17.85
"Sweden",1994,16.66
"Sweden",1995,15.4
"Sweden",1996,16.4
"Sweden",1997,15.07
"Sweden",1998,14.87
"Sweden",1999,13.74
"Sweden",2000,12.6
"Sweden",2001,12.1
"Sweden",2002,12.93
"Sweden",2003,12.91
"Sweden",2004,12.06
"Sweden",2005,12.32
"Sweden",2006,11.14
"Sweden",2007,10.12
"Sweden",2008,10.3
"Sweden",2009,12.71
"Sweden",2010,11.45
"Sweden",2011,11.08
"Sweden",2012,11.89
"Sweden",2013,12.31
"Sweden",2014,11.88
"Sweden",2015,11.74
"Switzerland",1991,7.56
"Switzerland",1992,8.08
"Switzerland",1993,8.23
"Switzerland",1994,8.23
"Switzerland",1995,8.08
"Switzerland",1996,8.05
"Switzerland",1997,7.83
"Switzerland",1998,7.33
"Switzerland",1999,7.27
"Switzerland",2000,6.8
"Switzerland",2001,7.07
"Switzerland",2002,7.34
"Switzerland",2003,7.78
"Switzerland",2004,7.54
"Switzerland",2005,7.3
"Switzerland",2006,6.96
"Switzerland",2007,6.34
"Switzerland",2008,6.16
"Switzerland",2009,7.06
"Switzerland",2010,6.76
"Switzerland",2011,6.62
"Switzerland",2012,6.66
"Switzerland",2013,6.56
"Switzerland",2014,6.39
"Switzerland",2015,6.94
"Syria",1991,24.23
"Syria",1992,21.9
"Syria",1993,20.58
"Syria",1994,19.13
"Syria",1995,18.8
"Syria",1996,18.35
"Syria",1997,18.72
"Syria",1998,17.27
"Syria",1999,18.88
"Syria",2000,19.3
"Syria",2001,19.47
"Syria",2002,18.83
"Syria",2003,19.16
"Syria",2004,17.98
"Syria",2005,17.15
"Syria",2006,16.53
"Syria",2007,15.65
"Syria",2008,20.81
"Syria",2009,19.21
"Syria",2010,19.39
"Syria",2011,21.5
"Syria",2012,22.18
"Syria",2013,22.79
"Syria",2014,22.24
"Syria",2015,19.53
"Taiwan",1991,38.43
"Taiwan",1992,37.66
"Taiwan",1993,36.72
"Taiwan",1994,35.65
"Taiwan",1995,35.24
"Taiwan",1996,35.89
"Taiwan",1997,34.97
"Taiwan",1998,35.31
"Taiwan",1999,33.62
"Taiwan",2000,33.61
"Taiwan",2001,34.32
"Taiwan",2002,34.17
"Taiwan",2003,33.49
"Taiwan",2004,32.04
"Taiwan",2005,31.43
"Taiwan",2006,31.45
"Taiwan",2007,31.32
"Taiwan",2008,30.12
"Taiwan",2009,28.89
"Taiwan",2010,28.22
"Taiwan",2011,28
"Taiwan",2012,28.02
"Taiwan",2013,28.01
"Taiwan",2014,26.88
"Taiwan",2015,28.97
"Tajikistan",1991,35.42
"Tajikistan",1992,47.43
"Tajikistan",1993,46.64
"Tajikistan",1994,46.53
"Tajikistan",1995,45.92
"Tajikistan",1996,47.23
"Tajikistan",1997,45.21
"Tajikistan",1998,46.97
"Tajikistan",1999,45.51
"Tajikistan",2000,43.2
"Tajikistan",2001,44.02
"Tajikistan",2002,43.98
"Tajikistan",2003,42.62
"Tajikistan",2004,43.52
"Tajikistan",2005,44.48
"Tajikistan",2006,43.37
"Tajikistan",2007,42.19
"Tajikistan",2008,41.2
"Tajikistan",2009,42.8
"Tajikistan",2010,42.13
"Tajikistan",2011,41.59
"Tajikistan",2012,38.8
"Tajikistan",2013,39.63
"Tajikistan",2014,36.54
"Tajikistan",2015,37.73
"Tanzania",1991,60.32
"Tanzania",1992,59.95
"Tanzania",1993,58.11
"Tanzania",1994,57.47
"Tanzania",1995,54.69
"Tanzania",1996,55.35
"Tanzania",1997,56.1
"Tanzania",1998,57.87
"Tanzania",1999,58.43
"Tanzania",2000,58.3
"Tanzania",2001,57.09
"Tanzania",2002,55.25
"Tanzania",2003,53.9
"Tanzania",2004,53
"Tanzania",2005,51.4
"Tanzania",2006,54.32
"Tanzania",2007,48.78
"Tanzania",2008,47.18
"Tanzania",2009,49.49
"Tanzania",2010,46.73
"Tanzania",2011,44.08
"Tanzania",2012,44.29
"Tanzania",2013,44.04
"Tanzania",2014,40.45
"Tanzania",2015,38.91
"Thailand",1991,55.72
"Thailand",1992,54.05
"Thailand",1993,54.34
"Thailand",1994,53.11
"Thailand",1995,51.84
"Thailand",1996,50.05
"Thailand",1997,51.98
"Thailand",1998,55.43
"Thailand",1999,56.64
"Thailand",2000,52.6
"Thailand",2001,54.17
"Thailand",2002,51.36
"Thailand",2003,50.51
"Thailand",2004,49.45
"Thailand",2005,48.7
"Thailand",2006,48.24
"Thailand",2007,48.11
"Thailand",2008,47.84
"Thailand",2009,51.22
"Thailand",2010,48.65
"Thailand",2011,47.88
"Thailand",2012,46.67
"Thailand",2013,46.74
"Thailand",2014,47.25
"Thailand",2015,43.12
"Togo",1991,38.45
"Togo",1992,40.7
"Togo",1993,50.52
"Togo",1994,42.68
"Togo",1995,40.48
"Togo",1996,36.69
"Togo",1997,32.17
"Togo",1998,34.52
"Togo",1999,35.24
"Togo",2000,35.1
"Togo",2001,37.73
"Togo",2002,37.75
"Togo",2003,36.86
"Togo",2004,38.24
"Togo",2005,38.93
"Togo",2006,38.14
"Togo",2007,37.27
"Togo",2008,38.4
"Togo",2009,37.53
"Togo",2010,35.9
"Togo",2011,35.12
"Togo",2012,35.09
"Togo",2013,34.16
"Togo",2014,33.52
"Togo",2015,31.49
"Trinidad and Tobago",1991,43.72
"Trinidad and Tobago",1992,44.75
"Trinidad and Tobago",1993,44.26
"Trinidad and Tobago",1994,43.02
"Trinidad and Tobago",1995,41.56
"Trinidad and Tobago",1996,40.18
"Trinidad and Tobago",1997,38.91
"Trinidad and Tobago",1998,37.03
"Trinidad and Tobago",1999,37.98
"Trinidad and Tobago",2000,34.4
"Trinidad and Tobago",2001,35.73
"Trinidad and Tobago",2002,34.27
"Trinidad and Tobago",2003,33.09
"Trinidad and Tobago",2004,31.56
"Trinidad and Tobago",2005,30.23
"Trinidad and Tobago",2006,27.41
"Trinidad and Tobago",2007,27.43
"Trinidad and Tobago",2008,26.15
"Trinidad and Tobago",2009,30.04
"Trinidad and Tobago",2010,29.85
"Trinidad and Tobago",2011,28.11
"Trinidad and Tobago",2012,28.92
"Trinidad and Tobago",2013,29.36
"Trinidad and Tobago",2014,29.9
"Trinidad and Tobago",2015,31.4
"Tunisia",1991,42
"Tunisia",1992,40.08
"Tunisia",1993,39.6
"Tunisia",1994,39.42
"Tunisia",1995,38.85
"Tunisia",1996,38.92
"Tunisia",1997,39.42
"Tunisia",1998,40.2
"Tunisia",1999,38.46
"Tunisia",2000,38.4
"Tunisia",2001,36.35
"Tunisia",2002,37.74
"Tunisia",2003,37.24
"Tunisia",2004,34.43
"Tunisia",2005,33.98
"Tunisia",2006,31.49
"Tunisia",2007,29.27
"Tunisia",2008,27.16
"Tunisia",2009,29.12
"Tunisia",2010,27.83
"Tunisia",2011,33.85
"Tunisia",2012,31.97
"Tunisia",2013,32.94
"Tunisia",2014,33.08
"Tunisia",2015,30.9
"Turkey",1991,35.99
"Turkey",1992,35.89
"Turkey",1993,35.3
"Turkey",1994,34.51
"Turkey",1995,32.84
"Turkey",1996,32.95
"Turkey",1997,31.01
"Turkey",1998,32.03
"Turkey",1999,33.26
"Turkey",2000,32.1
"Turkey",2001,32.75
"Turkey",2002,33.74
"Turkey",2003,32.07
"Turkey",2004,30.8
"Turkey",2005,29.77
"Turkey",2006,29.47
"Turkey",2007,30.38
"Turkey",2008,29.14
"Turkey",2009,32.33
"Turkey",2010,30.21
"Turkey",2011,27.65
"Turkey",2012,28.03
"Turkey",2013,27.33
"Turkey",2014,27.45
"Turkey",2015,27.43
"Uganda",1991,41.79
"Uganda",1992,41.88
"Uganda",1993,42.66
"Uganda",1994,43.25
"Uganda",1995,41.36
"Uganda",1996,40.93
"Uganda",1997,41.69
"Uganda",1998,42.35
"Uganda",1999,40.72
"Uganda",2000,43.1
"Uganda",2001,41.56
"Uganda",2002,43.23
"Uganda",2003,41.67
"Uganda",2004,40.34
"Uganda",2005,39.18
"Uganda",2006,38.25
"Uganda",2007,36.41
"Uganda",2008,34.46
"Uganda",2009,34.88
"Uganda",2010,34.87
"Uganda",2011,34.63
"Uganda",2012,32.28
"Uganda",2013,32.46
"Uganda",2014,32.75
"Uganda",2015,31.88
"Ukraine",1991,38.96
"Ukraine",1992,41.79
"Ukraine",1993,44.06
"Ukraine",1994,48.12
"Ukraine",1995,48.92
"Ukraine",1996,51.76
"Ukraine",1997,56.31
"Ukraine",1998,57
"Ukraine",1999,51.91
"Ukraine",2000,52.2
"Ukraine",2001,49.06
"Ukraine",2002,47.06
"Ukraine",2003,45.29
"Ukraine",2004,41.96
"Ukraine",2005,42.08
"Ukraine",2006,40.89
"Ukraine",2007,38.71
"Ukraine",2008,36.65
"Ukraine",2009,43.53
"Ukraine",2010,42.15
"Ukraine",2011,39.19
"Ukraine",2012,39.65
"Ukraine",2013,39.99
"Ukraine",2014,39.95
"Ukraine",2015,42.9
"United Arab Emirates",1991,27.74
"United Arab Emirates",1992,28.05
"United Arab Emirates",1993,28.5
"United Arab Emirates",1994,27.47
"United Arab Emirates",1995,27
"United Arab Emirates",1996,26.76
"United Arab Emirates",1997,26.98
"United Arab Emirates",1998,27.72
"United Arab Emirates",1999,28.54
"United Arab Emirates",2000,26.4
"United Arab Emirates",2001,28.15
"United Arab Emirates",2002,27.81
"United Arab Emirates",2003,27.46
"United Arab Emirates",2004,27.53
"United Arab Emirates",2005,27.99
"United Arab Emirates",2006,28.81
"United Arab Emirates",2007,27.36
"United Arab Emirates",2008,26.77
"United Arab Emirates",2009,25.54
"United Arab Emirates",2010,25.09
"United Arab Emirates",2011,23.92
"United Arab Emirates",2012,23.11
"United Arab Emirates",2013,22.44
"United Arab Emirates",2014,22.02
"United Arab Emirates",2015,24.26
"United Kingdom",1991,13.65
"United Kingdom",1992,13.93
"United Kingdom",1993,13.37
"United Kingdom",1994,12.8
"United Kingdom",1995,12.13
"United Kingdom",1996,11.95
"United Kingdom",1997,11.29
"United Kingdom",1998,10.98
"United Kingdom",1999,11.11
"United Kingdom",2000,10.8
"United Kingdom",2001,10.66
"United Kingdom",2002,11.19
"United Kingdom",2003,11.23
"United Kingdom",2004,11.43
"United Kingdom",2005,11.39
"United Kingdom",2006,10.44
"United Kingdom",2007,10.78
"United Kingdom",2008,9.83
"United Kingdom",2009,11
"United Kingdom",2010,10.33
"United Kingdom",2011,10.06
"United Kingdom",2012,9.91
"United Kingdom",2013,9.57
"United Kingdom",2014,8.81
"United Kingdom",2015,8.32
"United States",1991,10.12
"United States",1992,10
"United States",1993,9.69
"United States",1994,9.23
"United States",1995,8.91
"United States",1996,8.9
"United States",1997,8.23
"United States",1998,8
"United States",1999,7.82
"United States",2000,7.6
"United States",2001,8.01
"United States",2002,8.54
"United States",2003,8.4
"United States",2004,8.43
"United States",2005,7.86
"United States",2006,7.47
"United States",2007,8
"United States",2008,7.76
"United States",2009,9.18
"United States",2010,8.71
"United States",2011,8.23
"United States",2012,7.83
"United States",2013,7.66
"United States",2014,7.04
"United States",2015,7
"Uruguay",1991,47.99
"Uruguay",1992,46.04
"Uruguay",1993,46.91
"Uruguay",1994,44.92
"Uruguay",1995,47.52
"Uruguay",1996,48.69
"Uruguay",1997,42.96
"Uruguay",1998,42.2
"Uruguay",1999,45.21
"Uruguay",2000,46.1
"Uruguay",2001,46.57
"Uruguay",2002,46.33
"Uruguay",2003,43.18
"Uruguay",2004,40.74
"Uruguay",2005,39.93
"Uruguay",2006,39.92
"Uruguay",2007,31.94
"Uruguay",2008,30.2
"Uruguay",2009,30.72
"Uruguay",2010,27.32
"Uruguay",2011,25.68
"Uruguay",2012,23.25
"Uruguay",2013,22.49
"Uruguay",2014,20.59
"Uruguay",2015,20.38
"Vietnam",1991,22.24
"Vietnam",1992,21.39
"Vietnam",1993,22.17
"Vietnam",1994,21.75
"Vietnam",1995,21.23
"Vietnam",1996,20.59
"Vietnam",1997,21.31
"Vietnam",1998,20.18
"Vietnam",1999,19.98
"Vietnam",2000,19.2
"Vietnam",2001,19.73
"Vietnam",2002,19.22
"Vietnam",2003,18.92
"Vietnam",2004,18.4
"Vietnam",2005,17.18
"Vietnam",2006,17.64
"Vietnam",2007,17.13
"Vietnam",2008,16.99
"Vietnam",2009,17.4
"Vietnam",2010,17.18
"Vietnam",2011,16.09
"Vietnam",2012,15.79
"Vietnam",2013,15.82
"Vietnam",2014,15.06
"Vietnam",2015,14.78
"Yemen",1991,35.03
"Yemen",1992,34.24
"Yemen",1993,34.02
"Yemen",1994,34.35
"Yemen",1995,30.83
"Yemen",1996,29.39
"Yemen",1997,29.8
"Yemen",1998,30.17
"Yemen",1999,28.35
"Yemen",2000,27.4
"Yemen",2001,26.48
"Yemen",2002,27.2
"Yemen",2003,25.42
"Yemen",2004,24.38
"Yemen",2005,23.46
"Yemen",2006,23.18
"Yemen",2007,23.29
"Yemen",2008,23.31
"Yemen",2009,22.94
"Yemen",2010,23.57
"Yemen",2011,32.07
"Yemen",2012,31.98
"Yemen",2013,31.07
"Yemen",2014,27.61
"Yemen",2015,28.81
"Zambia",1991,54.17
"Zambia",1992,50.68
"Zambia",1993,50.91
"Zambia",1994,51.39
"Zambia",1995,51.33
"Zambia",1996,52.41
"Zambia",1997,51.74
"Zambia",1998,51.61
"Zambia",1999,49.86
"Zambia",2000,48.9
"Zambia",2001,48.85
"Zambia",2002,47.71
"Zambia",2003,48.4
"Zambia",2004,47.6
"Zambia",2005,49.01
"Zambia",2006,48.52
"Zambia",2007,45.54
"Zambia",2008,43.22
"Zambia",2009,42.17
"Zambia",2010,34.47
"Zambia",2011,36.61
"Zambia",2012,33.38
"Zambia",2013,30.83
"Zambia",2014,30.72
"Zambia",2015,32.99
"Zimbabwe",1991,57.35
"Zimbabwe",1992,62.24
"Zimbabwe",1993,59.35
"Zimbabwe",1994,56.29
"Zimbabwe",1995,57.27
"Zimbabwe",1996,54.05
"Zimbabwe",1997,56.16
"Zimbabwe",1998,52.09
"Zimbabwe",1999,56.43
"Zimbabwe",2000,59.4
"Zimbabwe",2001,56.12
"Zimbabwe",2002,58.32
"Zimbabwe",2003,61.83
"Zimbabwe",2004,63.5
"Zimbabwe",2005,63.16
"Zimbabwe",2006,60.58
"Zimbabwe",2007,60.42
"Zimbabwe",2008,61.66
"Zimbabwe",2009,69.08
"Zimbabwe",2010,65.62
"Zimbabwe",2011,63.89
"Zimbabwe",2012,63.69
"Zimbabwe",2013,64.55
"Zimbabwe",2014,65.85
"Zimbabwe",2015,67
